TITLE SAMPLE NAME:,PP
DATA TYPE:,Infrared Spectrum
MEASUREMENT INFORMATION:,FTIR Spectrophotometer
MODEL NAME:,FTIR
SERIAL No:,
ACCESSORY:,ATR
LIGHT SOURCE:,
RESOLUTION:,4 cm-1
XUNITS/ HORIZONTAL AXIS:,Wavenumber [cm-1]
YUNITS/ VERTICAL AXIS:,Transmittance %T
FIRSTX:,3996.86747
FIRSTY:,98.27430926
LASTX:,599.83616
LASTY:,97.67423085
NPOINTS:,1681
3996.82516,0.97587
3994.78492,0.97531
3992.74468,0.975
3990.70444,0.97498
3988.66421,0.97495
3986.62397,0.975
3984.58373,0.97521
3982.5435,0.97544
3980.50326,0.97556
3978.46302,0.97545
3976.42278,0.97513
3974.38255,0.97486
3972.34231,0.9748
3970.30207,0.97479
3968.26183,0.97476
3966.2216,0.97488
3964.18136,0.97509
3962.14112,0.97512
3960.10088,0.97508
3958.06065,0.97513
3956.02041,0.97516
3953.98017,0.97522
3951.93993,0.97533
3949.8997,0.97531
3947.85946,0.97518
3945.81922,0.97508
3943.77898,0.97481
3941.73875,0.97449
3939.69851,0.97452
3937.65827,0.97477
3935.61803,0.97491
3933.5778,0.9749
3931.53756,0.975
3929.49732,0.9752
3927.45708,0.97527
3925.41685,0.97525
3923.37661,0.97534
3921.33637,0.9755
3919.29613,0.97541
3917.2559,0.97497
3915.21566,0.97466
3913.17542,0.97488
3911.13518,0.97539
3909.09495,0.97568
3907.05471,0.97542
3905.01447,0.97482
3902.97423,0.97454
3900.934,0.97472
3898.89376,0.97491
3896.85352,0.975
3894.81329,0.97509
3892.77305,0.97502
3890.73281,0.97471
3888.69257,0.97444
3886.65234,0.97435
3884.6121,0.97442
3882.57186,0.97462
3880.53162,0.97471
3878.49139,0.97475
3876.45115,0.97492
3874.41091,0.97508
3872.37067,0.97512
3870.33044,0.97483
3868.2902,0.97448
3866.24996,0.9747
3864.20972,0.97511
3862.16949,0.9752
3860.12925,0.97525
3858.08901,0.97557
3856.04877,0.97591
3854.00854,0.97542
3851.9683,0.97409
3849.92806,0.97347
3847.88782,0.97388
3845.84759,0.97456
3843.80735,0.97501
3841.76711,0.9753
3839.72687,0.97555
3837.68664,0.97563
3835.6464,0.97554
3833.60616,0.97542
3831.56592,0.97533
3829.52569,0.97536
3827.48545,0.9755
3825.44521,0.97573
3823.40497,0.97583
3821.36474,0.97545
3819.3245,0.97486
3817.28426,0.97446
3815.24402,0.97403
3813.20379,0.97388
3811.16355,0.97433
3809.12331,0.97497
3807.08307,0.97526
3805.04284,0.9753
3803.0026,0.9754
3800.96236,0.97545
3798.92213,0.97553
3796.88189,0.97569
3794.84165,0.97571
3792.80141,0.97562
3790.76118,0.97553
3788.72094,0.97542
3786.6807,0.9753
3784.64046,0.97516
3782.60023,0.97496
3780.55999,0.9747
3778.51975,0.9745
3776.47951,0.97449
3774.43928,0.97468
3772.39904,0.97501
3770.3588,0.97527
3768.31856,0.9753
3766.27833,0.97521
3764.23809,0.9752
3762.19785,0.9754
3760.15761,0.97555
3758.11738,0.97544
3756.07714,0.97543
3754.0369,0.97586
3751.99666,0.97615
3749.95643,0.97571
3747.91619,0.97528
3745.87595,0.97521
3743.83571,0.97504
3741.79548,0.97511
3739.75524,0.97569
3737.715,0.97608
3735.67476,0.97548
3733.63453,0.97444
3731.59429,0.97412
3729.55405,0.97435
3727.51381,0.97462
3725.47358,0.97489
3723.43334,0.97508
3721.3931,0.97506
3719.35286,0.97497
3717.31263,0.97514
3715.27239,0.97557
3713.23215,0.97587
3711.19191,0.9756
3709.15168,0.97503
3707.11144,0.97477
3705.0712,0.97479
3703.03097,0.97491
3700.99073,0.97507
3698.95049,0.97522
3696.91025,0.97526
3694.87002,0.97535
3692.82978,0.97568
3690.78954,0.97599
3688.7493,0.97575
3686.70907,0.97529
3684.66883,0.97518
3682.62859,0.97528
3680.58835,0.97538
3678.54812,0.97552
3676.50788,0.97557
3674.46764,0.97549
3672.4274,0.97554
3670.38717,0.97534
3668.34693,0.97489
3666.30669,0.97489
3664.26645,0.9752
3662.22622,0.97535
3660.18598,0.97535
3658.14574,0.97519
3656.1055,0.97494
3654.06527,0.97518
3652.02503,0.97582
3649.98479,0.97587
3647.94455,0.97512
3645.90432,0.97464
3643.86408,0.97472
3641.82384,0.97486
3639.7836,0.97487
3637.74337,0.97491
3635.70313,0.97505
3633.66289,0.9752
3631.62265,0.97515
3629.58242,0.97472
3627.54218,0.9743
3625.50194,0.97438
3623.4617,0.97476
3621.42147,0.97516
3619.38123,0.97525
3617.34099,0.97488
3615.30075,0.97455
3613.26052,0.97456
3611.22028,0.97469
3609.18004,0.97468
3607.13981,0.9746
3605.09957,0.97464
3603.05933,0.97475
3601.01909,0.97479
3598.97886,0.97468
3596.93862,0.97449
3594.89838,0.97441
3592.85814,0.97449
3590.81791,0.97447
3588.77767,0.97406
3586.73743,0.97362
3584.69719,0.9737
3582.65696,0.974
3580.61672,0.97409
3578.57648,0.97404
3576.53624,0.97398
3574.49601,0.97401
3572.45577,0.97435
3570.41553,0.97474
3568.37529,0.97454
3566.33506,0.97389
3564.29482,0.97358
3562.25458,0.97366
3560.21434,0.97371
3558.17411,0.97378
3556.13387,0.97408
3554.09363,0.97438
3552.05339,0.97444
3550.01316,0.97445
3547.97292,0.9744
3545.93268,0.97422
3543.89244,0.9742
3541.85221,0.97434
3539.81197,0.97431
3537.77173,0.97403
3535.73149,0.97378
3533.69126,0.9738
3531.65102,0.97393
3529.61078,0.97403
3527.57054,0.97405
3525.53031,0.97402
3523.49007,0.97408
3521.44983,0.97427
3519.40959,0.97436
3517.36936,0.97433
3515.32912,0.97445
3513.28888,0.97464
3511.24865,0.97453
3509.20841,0.97428
3507.16817,0.97419
3505.12793,0.97414
3503.0877,0.97395
3501.04746,0.97387
3499.00722,0.97402
3496.96698,0.97416
3494.92675,0.97418
3492.88651,0.97416
3490.84627,0.9741
3488.80603,0.97398
3486.7658,0.97396
3484.72556,0.97409
3482.68532,0.97422
3480.64508,0.97425
3478.60485,0.97423
3476.56461,0.97421
3474.52437,0.97411
3472.48413,0.97392
3470.4439,0.97367
3468.40366,0.97349
3466.36342,0.9736
3464.32318,0.97389
3462.28295,0.9741
3460.24271,0.97408
3458.20247,0.97393
3456.16223,0.97393
3454.122,0.97411
3452.08176,0.97424
3450.04152,0.97423
3448.00128,0.97417
3445.96105,0.9741
3443.92081,0.97407
3441.88057,0.97409
3439.84033,0.97407
3437.8001,0.97399
3435.75986,0.97397
3433.71962,0.97398
3431.67938,0.97395
3429.63915,0.97405
3427.59891,0.97413
3425.55867,0.9739
3423.51843,0.97365
3421.4782,0.97363
3419.43796,0.97379
3417.39772,0.97407
3415.35749,0.97428
3413.31725,0.97435
3411.27701,0.97435
3409.23677,0.97431
3407.19654,0.97422
3405.1563,0.97409
3403.11606,0.97408
3401.07582,0.9742
3399.03559,0.97422
3396.99535,0.97414
3394.95511,0.97396
3392.91487,0.97391
3390.87464,0.97405
3388.8344,0.97409
3386.79416,0.97394
3384.75392,0.97387
3382.71369,0.9739
3380.67345,0.97388
3378.63321,0.97372
3376.59297,0.97345
3374.55274,0.97339
3372.5125,0.9735
3370.47226,0.97351
3368.43202,0.97352
3366.39179,0.97379
3364.35155,0.97415
3362.31131,0.97432
3360.27107,0.97425
3358.23084,0.97405
3356.1906,0.97391
3354.15036,0.9739
3352.11012,0.97398
3350.06989,0.97392
3348.02965,0.9737
3345.98941,0.97366
3343.94917,0.97372
3341.90894,0.97365
3339.8687,0.97364
3337.82846,0.97374
3335.78822,0.97381
3333.74799,0.97394
3331.70775,0.97406
3329.66751,0.97406
3327.62727,0.97409
3325.58704,0.97437
3323.5468,0.97457
3321.50656,0.97442
3319.46633,0.97418
3317.42609,0.97417
3315.38585,0.97421
3313.34561,0.97408
3311.30538,0.97381
3309.26514,0.97362
3307.2249,0.9737
3305.18466,0.97389
3303.14443,0.97401
3301.10419,0.9742
3299.06395,0.97436
3297.02371,0.97434
3294.98348,0.97428
3292.94324,0.97435
3290.903,0.97452
3288.86276,0.97457
3286.82253,0.9744
3284.78229,0.97411
3282.74205,0.9739
3280.70181,0.97386
3278.66158,0.97389
3276.62134,0.97401
3274.5811,0.97428
3272.54086,0.97439
3270.50063,0.97428
3268.46039,0.97432
3266.42015,0.97447
3264.37991,0.97444
3262.33968,0.9743
3260.29944,0.97433
3258.2592,0.97455
3256.21896,0.97454
3254.17873,0.9742
3252.13849,0.97398
3250.09825,0.97415
3248.05801,0.97443
3246.01778,0.97464
3243.97754,0.97475
3241.9373,0.97471
3239.89706,0.97449
3237.85683,0.97426
3235.81659,0.97412
3233.77635,0.97404
3231.73611,0.97405
3229.69588,0.97418
3227.65564,0.97432
3225.6154,0.97431
3223.57517,0.97415
3221.53493,0.97406
3219.49469,0.97432
3217.45445,0.97464
3215.41422,0.97462
3213.37398,0.97456
3211.33374,0.97469
3209.2935,0.97472
3207.25327,0.97457
3205.21303,0.97452
3203.17279,0.97463
3201.13255,0.97479
3199.09232,0.97488
3197.05208,0.97476
3195.01184,0.97447
3192.9716,0.97422
3190.93137,0.97429
3188.89113,0.97465
3186.85089,0.97477
3184.81065,0.97466
3182.77042,0.97469
3180.73018,0.97478
3178.68994,0.97483
3176.6497,0.97486
3174.60947,0.9748
3172.56923,0.9748
3170.52899,0.97503
3168.48875,0.97521
3166.44852,0.97504
3164.40828,0.97473
3162.36804,0.9746
3160.3278,0.97478
3158.28757,0.97512
3156.24733,0.9753
3154.20709,0.97524
3152.16685,0.97524
3150.12662,0.97532
3148.08638,0.97529
3146.04614,0.97518
3144.0059,0.97511
3141.96567,0.97513
3139.92543,0.97525
3137.88519,0.97529
3135.84495,0.9751
3133.80472,0.97491
3131.76448,0.97491
3129.72424,0.97504
3127.68401,0.97522
3125.64377,0.97547
3123.60353,0.97566
3121.56329,0.97559
3119.52306,0.97546
3117.48282,0.97542
3115.44258,0.97549
3113.40234,0.97566
3111.36211,0.97569
3109.32187,0.97554
3107.28163,0.97552
3105.24139,0.97568
3103.20116,0.97578
3101.16092,0.97588
3099.12068,0.97598
3097.08044,0.97591
3095.04021,0.97578
3092.99997,0.97564
3090.95973,0.97545
3088.91949,0.97534
3086.87926,0.97542
3084.83902,0.9756
3082.79878,0.97578
3080.75854,0.9759
3078.71831,0.97591
3076.67807,0.97591
3074.63783,0.97597
3072.59759,0.976
3070.55736,0.976
3068.51712,0.97597
3066.47688,0.97599
3064.43664,0.97613
3062.39641,0.97626
3060.35617,0.97628
3058.31593,0.97631
3056.27569,0.97644
3054.23546,0.97656
3052.19522,0.97656
3050.15498,0.97653
3048.11474,0.97665
3046.07451,0.97685
3044.03427,0.97691
3041.99403,0.97677
3039.95379,0.97658
3037.91356,0.97652
3035.87332,0.97663
3033.83308,0.97693
3031.79285,0.97718
3029.75261,0.97715
3027.71237,0.977
3025.67213,0.97699
3023.6319,0.97721
3021.59166,0.97744
3019.55142,0.97739
3017.51118,0.97725
3015.47095,0.97729
3013.43071,0.97745
3011.39047,0.97775
3009.35023,0.97798
3007.31,0.97801
3005.26976,0.97807
3003.22952,0.97813
3001.18928,0.97812
2999.14905,0.97819
2997.10881,0.97815
2995.06857,0.97797
2993.02833,0.97788
2990.9881,0.97785
2988.94786,0.97771
2986.90762,0.97753
2984.86738,0.97732
2982.82715,0.97691
2980.78691,0.97636
2978.74667,0.97571
2976.70643,0.97466
2974.6662,0.97308
2972.62596,0.97103
2970.58572,0.96839
2968.54548,0.96493
2966.50525,0.9606
2964.46501,0.95566
2962.42477,0.95087
2960.38453,0.94704
2958.3443,0.94434
2956.30406,0.94221
2954.26382,0.93981
2952.22358,0.93677
2950.18335,0.93403
2948.14311,0.93358
2946.10287,0.93643
2944.06264,0.94128
2942.0224,0.9461
2939.98216,0.94946
2937.94192,0.95066
2935.90169,0.94994
2933.86145,0.94769
2931.82121,0.9439
2929.78097,0.9389
2927.74074,0.93325
2925.7005,0.92728
2923.66026,0.92138
2921.62002,0.91577
2919.57979,0.91064
2917.53955,0.90697
2915.49931,0.90602
2913.45907,0.90773
2911.41884,0.91086
2909.3786,0.91424
2907.33836,0.91731
2905.29812,0.92008
2903.25789,0.92278
2901.21765,0.92563
2899.17741,0.92854
2897.13717,0.93125
2895.09694,0.93365
2893.0567,0.9359
2891.01646,0.93797
2888.97622,0.93941
2886.93599,0.94012
2884.89575,0.94044
2882.85551,0.94045
2880.81527,0.93993
2878.77504,0.93903
2876.7348,0.9384
2874.69456,0.93848
2872.65432,0.93879
2870.61409,0.93847
2868.57385,0.9375
2866.53361,0.93692
2864.49337,0.93763
2862.45314,0.93978
2860.4129,0.94265
2858.37266,0.94476
2856.33242,0.94506
2854.29219,0.94377
2852.25195,0.94179
2850.21171,0.9401
2848.17148,0.93946
2846.13124,0.9395
2844.091,0.93904
2842.05076,0.93775
2840.01053,0.93602
2837.97029,0.93474
2835.93005,0.93515
2833.88981,0.93787
2831.84958,0.94208
2829.80934,0.94629
2827.7691,0.94969
2825.72886,0.95238
2823.68863,0.9545
2821.64839,0.95602
2819.60815,0.95697
2817.56791,0.95757
2815.52768,0.95826
2813.48744,0.95919
2811.4472,0.95996
2809.40696,0.9604
2807.36673,0.9607
2805.32649,0.96101
2803.28625,0.96142
2801.24601,0.96196
2799.20578,0.96246
2797.16554,0.9628
2795.1253,0.96311
2793.08506,0.9634
2791.04483,0.9636
2789.00459,0.96385
2786.96435,0.96418
2784.92411,0.96447
2782.88388,0.96478
2780.84364,0.96516
2778.8034,0.96549
2776.76316,0.96573
2774.72293,0.96581
2772.68269,0.96574
2770.64245,0.96562
2768.60221,0.96563
2766.56198,0.96578
2764.52174,0.96587
2762.4815,0.96592
2760.44126,0.96612
2758.40103,0.96641
2756.36079,0.9666
2754.32055,0.96671
2752.28032,0.96686
2750.24008,0.9671
2748.19984,0.96736
2746.1596,0.96747
2744.11937,0.96743
2742.07913,0.96736
2740.03889,0.96727
2737.99865,0.96707
2735.95842,0.96681
2733.91818,0.9666
2731.87794,0.96659
2729.8377,0.96675
2727.79747,0.96679
2725.75723,0.96664
2723.71699,0.96644
2721.67675,0.96641
2719.63652,0.96666
2717.59628,0.96693
2715.55604,0.96697
2713.5158,0.96687
2711.47557,0.96695
2709.43533,0.96715
2707.39509,0.96732
2705.35485,0.96745
2703.31462,0.96755
2701.27438,0.96763
2699.23414,0.96767
2697.1939,0.96769
2695.15367,0.96783
2693.11343,0.96795
2691.07319,0.96796
2689.03295,0.96794
2686.99272,0.96788
2684.95248,0.96788
2682.91224,0.96796
2680.872,0.96802
2678.83177,0.968
2676.79153,0.96789
2674.75129,0.9679
2672.71105,0.96802
2670.67082,0.9681
2668.63058,0.96823
2666.59034,0.96829
2664.5501,0.96816
2662.50987,0.96809
2660.46963,0.96817
2658.42939,0.96827
2656.38916,0.96831
2654.34892,0.96837
2652.30868,0.9685
2650.26844,0.96861
2648.22821,0.96853
2646.18797,0.96842
2644.14773,0.9684
2642.10749,0.96848
2640.06726,0.96859
2638.02702,0.96859
2635.98678,0.96855
2633.94654,0.96857
2631.90631,0.96863
2629.86607,0.96873
2627.82583,0.96882
2625.78559,0.96876
2623.74536,0.96856
2621.70512,0.96846
2619.66488,0.96855
2617.62464,0.96861
2615.58441,0.96865
2613.54417,0.96875
2611.50393,0.96877
2609.46369,0.96875
2607.42346,0.9688
2605.38322,0.96893
2603.34298,0.96893
2601.30274,0.96876
2599.26251,0.96862
2597.22227,0.96859
2595.18203,0.96871
2593.14179,0.96899
2591.10156,0.96921
2589.06132,0.96914
2587.02108,0.96896
2584.98084,0.96894
2582.94061,0.96902
2580.90037,0.969
2578.86013,0.96883
2576.81989,0.96871
2574.77966,0.96878
2572.73942,0.96897
2570.69918,0.96907
2568.65894,0.9691
2566.61871,0.96921
2564.57847,0.96937
2562.53823,0.96941
2560.498,0.96929
2558.45776,0.9692
2556.41752,0.96923
2554.37728,0.96927
2552.33705,0.96926
2550.29681,0.96914
2548.25657,0.9691
2546.21633,0.96922
2544.1761,0.96929
2542.13586,0.96928
2540.09562,0.96927
2538.05538,0.96934
2536.01515,0.9695
2533.97491,0.96955
2531.93467,0.96944
2529.89443,0.96945
2527.8542,0.96958
2525.81396,0.96948
2523.77372,0.96929
2521.73348,0.96928
2519.69325,0.96935
2517.65301,0.96946
2515.61277,0.96966
2513.57253,0.96971
2511.5323,0.96956
2509.49206,0.96949
2507.45182,0.96957
2505.41158,0.96972
2503.37135,0.96987
2501.33111,0.96987
2499.29087,0.96982
2497.25063,0.96977
2495.2104,0.96961
2493.17016,0.96946
2491.12992,0.96951
2489.08968,0.96954
2487.04945,0.96936
2485.00921,0.96931
2482.96897,0.96948
2480.92873,0.96955
2478.8885,0.96948
2476.84826,0.96951
2474.80802,0.96974
2472.76778,0.96992
2470.72755,0.96996
2468.68731,0.96994
2466.64707,0.96982
2464.60684,0.96966
2462.5666,0.96964
2460.52636,0.96976
2458.48612,0.9698
2456.44589,0.96979
2454.40565,0.96984
2452.36541,0.96984
2450.32517,0.96972
2448.28494,0.96958
2446.2447,0.96957
2444.20446,0.96962
2442.16422,0.96961
2440.12399,0.96959
2438.08375,0.9696
2436.04351,0.96965
2434.00327,0.96971
2431.96304,0.96974
2429.9228,0.96979
2427.88256,0.96985
2425.84232,0.9698
2423.80209,0.96958
2421.76185,0.96943
2419.72161,0.9695
2417.68137,0.96957
2415.64114,0.96949
2413.6009,0.96937
2411.56066,0.96932
2409.52042,0.96932
2407.48019,0.96937
2405.43995,0.96946
2403.39971,0.96958
2401.35947,0.96962
2399.31924,0.9695
2397.279,0.96941
2395.23876,0.96943
2393.19852,0.9695
2391.15829,0.9696
2389.11805,0.96972
2387.07781,0.96976
2385.03757,0.96966
2382.99734,0.96952
2380.9571,0.96945
2378.91686,0.96944
2376.87662,0.96944
2374.83639,0.96952
2372.79615,0.96965
2370.75591,0.96982
2368.71568,0.96997
2366.67544,0.9701
2364.6352,0.97028
2362.59496,0.9704
2360.55473,0.97025
2358.51449,0.96998
2356.47425,0.96972
2354.43401,0.96937
2352.39378,0.96914
2350.35354,0.96934
2348.3133,0.96989
2346.27306,0.97046
2344.23283,0.97074
2342.19259,0.97062
2340.15235,0.97033
2338.11211,0.97017
2336.07188,0.97022
2334.03164,0.9703
2331.9914,0.9702
2329.95116,0.96986
2327.91093,0.96947
2325.87069,0.96916
2323.83045,0.96889
2321.79021,0.96871
2319.74998,0.96867
2317.70974,0.96881
2315.6695,0.96912
2313.62926,0.96943
2311.58903,0.96955
2309.54879,0.96944
2307.50855,0.96925
2305.46831,0.9691
2303.42808,0.969
2301.38784,0.96897
2299.3476,0.96907
2297.30736,0.96931
2295.26713,0.96949
2293.22689,0.96948
2291.18665,0.96938
2289.14641,0.9693
2287.10618,0.96926
2285.06594,0.96934
2283.0257,0.96946
2280.98546,0.96946
2278.94523,0.96939
2276.90499,0.96925
2274.86475,0.96913
2272.82452,0.96918
2270.78428,0.96939
2268.74404,0.96962
2266.7038,0.96973
2264.66357,0.96971
2262.62333,0.9697
2260.58309,0.96968
2258.54285,0.96961
2256.50262,0.96958
2254.46238,0.96966
2252.42214,0.96979
2250.3819,0.96982
2248.34167,0.96964
2246.30143,0.96943
2244.26119,0.96944
2242.22095,0.9695
2240.18072,0.96945
2238.14048,0.96941
2236.10024,0.96937
2234.06,0.96933
2232.01977,0.96944
2229.97953,0.96955
2227.93929,0.96945
2225.89905,0.96935
2223.85882,0.96938
2221.81858,0.9695
2219.77834,0.96962
2217.7381,0.96967
2215.69787,0.96963
2213.65763,0.96958
2211.61739,0.96957
2209.57715,0.96948
2207.53692,0.96932
2205.49668,0.9693
2203.45644,0.96939
2201.4162,0.96941
2199.37597,0.96933
2197.33573,0.96928
2195.29549,0.96931
2193.25525,0.96934
2191.21502,0.96941
2189.17478,0.96948
2187.13454,0.96942
2185.0943,0.9693
2183.05407,0.9692
2181.01383,0.96928
2178.97359,0.96949
2176.93336,0.96961
2174.89312,0.96962
2172.85288,0.96952
2170.81264,0.96941
2168.77241,0.96936
2166.73217,0.96935
2164.69193,0.9693
2162.65169,0.96921
2160.61146,0.96918
2158.57122,0.96923
2156.53098,0.96927
2154.49074,0.96929
2152.45051,0.96931
2150.41027,0.96927
2148.37003,0.96924
2146.32979,0.96924
2144.28956,0.96922
2142.24932,0.96923
2140.20908,0.96929
2138.16884,0.96935
2136.12861,0.96938
2134.08837,0.96936
2132.04813,0.9694
2130.00789,0.96953
2127.96766,0.96949
2125.92742,0.96928
2123.88718,0.96917
2121.84694,0.96928
2119.80671,0.96943
2117.76647,0.96946
2115.72623,0.96938
2113.68599,0.96926
2111.64576,0.96906
2109.60552,0.96892
2107.56528,0.969
2105.52504,0.96918
2103.48481,0.96929
2101.44457,0.96935
2099.40433,0.96935
2097.36409,0.96928
2095.32386,0.96927
2093.28362,0.96939
2091.24338,0.9694
2089.20315,0.96929
2087.16291,0.96918
2085.12267,0.9691
2083.08243,0.96904
2081.0422,0.96902
2079.00196,0.96904
2076.96172,0.96905
2074.92148,0.96898
2072.88125,0.96875
2070.84101,0.96854
2068.80077,0.96869
2066.76053,0.96905
2064.7203,0.96918
2062.68006,0.96907
2060.63982,0.96913
2058.59958,0.96929
2056.55935,0.96921
2054.51911,0.96909
2052.47887,0.96916
2050.43863,0.96919
2048.3984,0.96923
2046.35816,0.96936
2044.31792,0.96938
2042.27768,0.96936
2040.23745,0.96942
2038.19721,0.9694
2036.15697,0.96925
2034.11673,0.96915
2032.0765,0.96924
2030.03626,0.96932
2027.99602,0.9692
2025.95578,0.96895
2023.91555,0.96878
2021.87531,0.96882
2019.83507,0.96895
2017.79483,0.969
2015.7546,0.969
2013.71436,0.96899
2011.67412,0.96896
2009.63388,0.9689
2007.59365,0.9689
2005.55341,0.96893
2003.51317,0.96896
2001.47293,0.96897
1999.4327,0.96897
1997.39246,0.96892
1995.35222,0.96895
1993.31199,0.9691
1991.27175,0.96923
1989.23151,0.96926
1987.19127,0.96924
1985.15104,0.9692
1983.1108,0.96917
1981.07056,0.96912
1979.03032,0.96904
1976.99009,0.96896
1974.94985,0.96896
1972.90961,0.969
1970.86937,0.96901
1968.82914,0.96896
1966.7889,0.96892
1964.74866,0.96893
1962.70842,0.96901
1960.66819,0.96918
1958.62795,0.96933
1956.58771,0.9693
1954.54747,0.96914
1952.50724,0.96899
1950.467,0.96892
1948.42676,0.96899
1946.38652,0.96908
1944.34629,0.96896
1942.30605,0.96866
1940.26581,0.96851
1938.22557,0.96854
1936.18534,0.9686
1934.1451,0.96874
1932.10486,0.96891
1930.06462,0.96895
1928.02439,0.96895
1925.98415,0.96899
1923.94391,0.96891
1921.90367,0.9687
1919.86344,0.96859
1917.8232,0.96856
1915.78296,0.96853
1913.74272,0.96848
1911.70249,0.96846
1909.66225,0.96853
1907.62201,0.96859
1905.58177,0.96855
1903.54154,0.96848
1901.5013,0.96849
1899.46106,0.96849
1897.42083,0.96841
1895.38059,0.9684
1893.34035,0.96856
1891.30011,0.96877
1889.25988,0.96884
1887.21964,0.9688
1885.1794,0.96877
1883.13916,0.9688
1881.09893,0.96879
1879.05869,0.96873
1877.01845,0.96871
1874.97821,0.96868
1872.93798,0.9686
1870.89774,0.96861
1868.8575,0.96863
1866.81726,0.96851
1864.77703,0.96843
1862.73679,0.96853
1860.69655,0.96861
1858.65631,0.96855
1856.61608,0.96848
1854.57584,0.96854
1852.5356,0.96865
1850.49536,0.96873
1848.45513,0.96875
1846.41489,0.96862
1844.37465,0.96846
1842.33441,0.96854
1840.29418,0.96873
1838.25394,0.96875
1836.2137,0.96861
1834.17346,0.96856
1832.13323,0.96863
1830.09299,0.96868
1828.05275,0.96869
1826.01251,0.9687
1823.97228,0.96868
1821.93204,0.9687
1819.8918,0.96872
1817.85156,0.96874
1815.81133,0.96879
1813.77109,0.96881
1811.73085,0.96878
1809.69061,0.96873
1807.65038,0.96866
1805.61014,0.96858
1803.5699,0.96855
1801.52967,0.96859
1799.48943,0.96865
1797.44919,0.96865
1795.40895,0.96869
1793.36872,0.96872
1791.32848,0.96861
1789.28824,0.96849
1787.248,0.96847
1785.20777,0.96847
1783.16753,0.96849
1781.12729,0.96849
1779.08705,0.96852
1777.04682,0.96877
1775.00658,0.96912
1772.96634,0.96906
1770.9261,0.9685
1768.88587,0.96811
1766.84563,0.96809
1764.80539,0.96821
1762.76515,0.96828
1760.72492,0.96813
1758.68468,0.96785
1756.64444,0.9677
1754.6042,0.96777
1752.56397,0.96789
1750.52373,0.96781
1748.48349,0.96752
1746.44325,0.96729
1744.40302,0.96728
1742.36278,0.96731
1740.32254,0.96718
1738.2823,0.96682
1736.24207,0.96622
1734.20183,0.96536
1732.16159,0.96468
1730.12135,0.96448
1728.08112,0.96436
1726.04088,0.96413
1724.00064,0.96386
1721.9604,0.96374
1719.92017,0.96385
1717.87993,0.96391
1715.83969,0.96367
1713.79945,0.96349
1711.75922,0.96366
1709.71898,0.96418
1707.67874,0.96484
1705.63851,0.96529
1703.59827,0.9655
1701.55803,0.96561
1699.51779,0.96559
1697.47756,0.96555
1695.43732,0.96557
1693.39708,0.96567
1691.35684,0.96582
1689.31661,0.9661
1687.27637,0.96661
1685.23613,0.96705
1683.19589,0.96692
1681.15566,0.9666
1679.11542,0.96653
1677.07518,0.96651
1675.03494,0.96642
1672.99471,0.96654
1670.95447,0.9668
1668.91423,0.9668
1666.87399,0.96662
1664.83376,0.96658
1662.79352,0.96651
1660.75328,0.96631
1658.71304,0.96626
1656.67281,0.96655
1654.63257,0.96691
1652.59233,0.96698
1650.55209,0.96709
1648.51186,0.96725
1646.47162,0.96699
1644.43138,0.96652
1642.39114,0.96635
1640.35091,0.96651
1638.31067,0.96676
1636.27043,0.96667
1634.23019,0.96628
1632.18996,0.9662
1630.14972,0.96643
1628.10948,0.96663
1626.06924,0.96677
1624.02901,0.96689
1621.98877,0.96687
1619.94853,0.96691
1617.90829,0.96705
1615.86806,0.96697
1613.82782,0.96672
1611.78758,0.96657
1609.74735,0.9665
1607.70711,0.9664
1605.66687,0.96631
1603.62663,0.96624
1601.5864,0.96616
1599.54616,0.96614
1597.50592,0.96627
1595.46568,0.96647
1593.42545,0.96662
1591.38521,0.96668
1589.34497,0.96667
1587.30473,0.96665
1585.2645,0.96661
1583.22426,0.96654
1581.18402,0.9665
1579.14378,0.96649
1577.10355,0.96641
1575.06331,0.96638
1573.02307,0.96662
1570.98283,0.96689
1568.9426,0.96686
1566.90236,0.96683
1564.86212,0.96704
1562.82188,0.96738
1560.78165,0.9676
1558.74141,0.96726
1556.70117,0.96665
1554.66093,0.9665
1552.6207,0.96662
1550.58046,0.96674
1548.54022,0.96681
1546.49998,0.96683
1544.45975,0.96669
1542.41951,0.96664
1540.37927,0.96683
1538.33903,0.96694
1536.2988,0.96692
1534.25856,0.96677
1532.21832,0.96659
1530.17808,0.9667
1528.13785,0.96688
1526.09761,0.96682
1524.05737,0.96685
1522.01713,0.9672
1519.9769,0.96749
1517.93666,0.96739
1515.89642,0.96689
1513.85619,0.96634
1511.81595,0.96599
1509.77571,0.96576
1507.73547,0.96548
1505.69524,0.96532
1503.655,0.96545
1501.61476,0.96578
1499.57452,0.96608
1497.53429,0.9661
1495.49405,0.96597
1493.45381,0.96594
1491.41357,0.96582
1489.37334,0.96552
1487.3331,0.96533
1485.29286,0.96524
1483.25262,0.96513
1481.21239,0.96496
1479.17215,0.9646
1477.13191,0.9639
1475.09167,0.96242
1473.05144,0.9595
1471.0112,0.95558
1468.97096,0.95186
1466.93072,0.94771
1464.89049,0.94228
1462.85025,0.9372
1460.81001,0.93426
1458.76977,0.93229
1456.72954,0.92984
1454.6893,0.92821
1452.64906,0.92831
1450.60882,0.92964
1448.56859,0.93207
1446.52835,0.9356
1444.48811,0.93943
1442.44787,0.94261
1440.40764,0.94467
1438.3674,0.94568
1436.32716,0.94632
1434.28692,0.94743
1432.24669,0.94918
1430.20645,0.9511
1428.16621,0.95271
1426.12597,0.95382
1424.08574,0.9546
1422.0455,0.9552
1420.00526,0.95552
1417.96503,0.95561
1415.92479,0.9559
1413.88455,0.9564
1411.84431,0.95684
1409.80408,0.95727
1407.76384,0.95787
1405.7236,0.95855
1403.68336,0.959
1401.64313,0.95925
1399.60289,0.95948
1397.56265,0.95964
1395.52241,0.9599
1393.48218,0.96051
1391.44194,0.96123
1389.4017,0.96164
1387.36146,0.96139
1385.32123,0.95994
1383.28099,0.95592
1381.24075,0.94734
1379.20051,0.93417
1377.16028,0.92115
1375.12004,0.91541
1373.0798,0.9198
1371.03956,0.92954
1368.99933,0.93848
1366.95909,0.94417
1364.91885,0.9469
1362.87861,0.94769
1360.83838,0.94746
1358.79814,0.94727
1356.7579,0.9479
1354.71766,0.94937
1352.67743,0.95111
1350.63719,0.9527
1348.59695,0.95397
1346.55671,0.95477
1344.51648,0.95518
1342.47624,0.95537
1340.436,0.9555
1338.39576,0.95582
1336.35553,0.95637
1334.31529,0.95689
1332.27505,0.95726
1330.23481,0.95745
1328.19458,0.95753
1326.15434,0.95769
1324.1141,0.95797
1322.07387,0.95825
1320.03363,0.9585
1317.99339,0.9587
1315.95315,0.9588
1313.91292,0.95879
1311.87268,0.9587
1309.83244,0.95862
1307.7922,0.95845
1305.75197,0.9581
1303.71173,0.95777
1301.67149,0.9576
1299.63125,0.95745
1297.59102,0.95721
1295.55078,0.95705
1293.51054,0.95705
1291.4703,0.95705
1289.43007,0.95701
1287.38983,0.95704
1285.34959,0.95721
1283.30935,0.95726
1281.26912,0.95707
1279.22888,0.95689
1277.18864,0.9568
1275.1484,0.95673
1273.10817,0.95655
1271.06793,0.95621
1269.02769,0.95584
1266.98745,0.95556
1264.94722,0.95533
1262.90698,0.95504
1260.86674,0.9546
1258.8265,0.95404
1256.78627,0.95356
1254.74603,0.9533
1252.70579,0.95331
1250.66555,0.95338
1248.62532,0.95331
1246.58508,0.95329
1244.54484,0.95345
1242.5046,0.9537
1240.46437,0.95393
1238.42413,0.95414
1236.38389,0.9544
1234.34366,0.95481
1232.30342,0.95524
1230.26318,0.95553
1228.22294,0.95571
1226.18271,0.95591
1224.14247,0.95619
1222.10223,0.95642
1220.06199,0.95642
1218.02176,0.95641
1215.98152,0.95676
1213.94128,0.95722
1211.90104,0.95753
1209.86081,0.95779
1207.82057,0.95804
1205.78033,0.95825
1203.74009,0.95837
1201.69986,0.9584
1199.65962,0.95846
1197.61938,0.9586
1195.57914,0.95878
1193.53891,0.95897
1191.49867,0.95901
1189.45843,0.95895
1187.41819,0.95894
1185.37796,0.95898
1183.33772,0.95897
1181.29748,0.95884
1179.25724,0.95878
1177.21701,0.9586
1175.17677,0.95785
1173.13653,0.95662
1171.09629,0.95516
1169.05606,0.95366
1167.01582,0.95272
1164.97558,0.95281
1162.93534,0.95341
1160.89511,0.95383
1158.85487,0.95409
1156.81463,0.95436
1154.77439,0.95454
1152.73416,0.95475
1150.69392,0.95504
1148.65368,0.95538
1146.61344,0.95577
1144.57321,0.95614
1142.53297,0.95645
1140.49273,0.95685
1138.4525,0.95725
1136.41226,0.95731
1134.37202,0.95697
1132.33178,0.95663
1130.29155,0.9565
1128.25131,0.9563
1126.21107,0.95597
1124.17083,0.95563
1122.1306,0.9553
1120.09036,0.95511
1118.05012,0.95505
1116.00988,0.95515
1113.96965,0.95546
1111.92941,0.95552
1109.88917,0.95505
1107.84893,0.9543
1105.8087,0.95336
1103.76846,0.95254
1101.72822,0.95204
1099.68798,0.95183
1097.64775,0.95202
1095.60751,0.95227
1093.56727,0.95232
1091.52703,0.95247
1089.4868,0.95285
1087.44656,0.95322
1085.40632,0.95346
1083.36608,0.95366
1081.32585,0.95381
1079.28561,0.95388
1077.24537,0.95395
1075.20513,0.9542
1073.1649,0.95469
1071.12466,0.95519
1069.08442,0.95538
1067.04418,0.95537
1065.00395,0.95547
1062.96371,0.95561
1060.92347,0.95556
1058.88323,0.95531
1056.843,0.95492
1054.80276,0.95441
1052.76252,0.95373
1050.72228,0.95282
1048.68205,0.95184
1046.64181,0.95093
1044.60157,0.95023
1042.56134,0.95004
1040.5211,0.95006
1038.48086,0.94987
1036.44062,0.94961
1034.40039,0.94949
1032.36015,0.94957
1030.31991,0.94974
1028.27967,0.94968
1026.23944,0.94892
1024.1992,0.94743
1022.15896,0.9457
1020.11872,0.9441
1018.07849,0.94297
1016.03825,0.94271
1013.99801,0.94334
1011.95777,0.94449
1009.91754,0.9457
1007.8773,0.94679
1005.83706,0.94759
1003.79682,0.94767
1001.75659,0.94676
999.71635,0.94515
997.67611,0.94393
995.63587,0.94441
993.59564,0.94641
991.5554,0.94853
989.51516,0.95005
987.47492,0.95113
985.43469,0.95192
983.39445,0.95239
981.35421,0.95229
979.31397,0.95129
977.27374,0.94918
975.2335,0.9462
973.19326,0.9438
971.15302,0.94385
969.11279,0.94611
967.07255,0.94851
965.03231,0.95006
962.99207,0.95111
960.95184,0.95205
958.9116,0.95283
956.87136,0.95337
954.83112,0.95375
952.79089,0.95393
950.75065,0.9543
948.71041,0.955
946.67018,0.95547
944.62994,0.95546
942.5897,0.9554
940.54946,0.95537
938.50923,0.95511
936.46899,0.95481
934.42875,0.95485
932.38851,0.95527
930.34828,0.95581
928.30804,0.95612
926.2678,0.95626
924.22756,0.9564
922.18733,0.95632
920.14709,0.95586
918.10685,0.9556
916.06661,0.95604
914.02638,0.95661
911.98614,0.95684
909.9459,0.95692
907.90566,0.95681
905.86543,0.95623
903.82519,0.95518
901.78495,0.95371
899.74471,0.95241
897.70448,0.95239
895.66424,0.95367
893.624,0.95497
891.58376,0.95539
889.54353,0.95539
887.50329,0.95548
885.46305,0.95528
883.42281,0.95478
881.38258,0.95435
879.34234,0.9539
877.3021,0.95302
875.26186,0.95208
873.22163,0.95193
871.18139,0.95247
869.14115,0.95299
867.10091,0.95333
865.06068,0.95372
863.02044,0.95423
860.9802,0.95468
858.93996,0.95476
856.89973,0.9545
854.85949,0.95415
852.81925,0.95391
850.77902,0.95383
848.73878,0.95401
846.69854,0.95386
844.6583,0.95207
842.61807,0.9488
840.57783,0.9467
838.53759,0.94775
836.49735,0.95037
834.45712,0.95229
832.41688,0.95307
830.37664,0.95321
828.3364,0.95338
826.29617,0.95337
824.25593,0.95297
822.21569,0.95284
820.17545,0.9529
818.13522,0.95284
816.09498,0.95296
814.05474,0.9528
812.0145,0.95154
809.97427,0.94903
807.93403,0.94693
805.89379,0.94728
803.85355,0.94906
801.81332,0.9502
799.77308,0.95064
797.73284,0.95128
795.6926,0.95209
793.65237,0.95242
791.61213,0.95229
789.57189,0.95221
787.53165,0.9523
785.49142,0.95249
783.45118,0.95262
781.41094,0.95255
779.3707,0.95263
777.33047,0.95289
775.29023,0.95309
773.24999,0.95337
771.20975,0.95372
769.16952,0.95384
767.12928,0.95366
765.08904,0.95349
763.0488,0.95357
761.00857,0.95378
758.96833,0.95385
756.92809,0.95392
754.88786,0.95419
752.84762,0.95459
750.80738,0.95459
748.76714,0.95395
746.72691,0.95311
744.68667,0.95231
742.64643,0.95176
740.60619,0.95179
738.56596,0.952
736.52572,0.95158
734.48548,0.95016
732.44524,0.94793
730.40501,0.94585
728.36477,0.94473
726.32453,0.9442
724.28429,0.94391
722.24406,0.94396
720.20382,0.94435
718.16358,0.94506
716.12334,0.94586
714.08311,0.94657
712.04287,0.94734
710.00263,0.94797
707.96239,0.94793
705.92216,0.94759
703.88192,0.94803
701.84168,0.94905
699.80144,0.94939
697.76121,0.94883
695.72097,0.94815
693.68073,0.94786
691.64049,0.94819
689.60026,0.94885
687.56002,0.9492
685.51978,0.9491
683.47954,0.94884
681.43931,0.94834
679.39907,0.94732
677.35883,0.94626
675.31859,0.94571
673.27836,0.94511
671.23812,0.94407
669.19788,0.94365
667.15764,0.94427
665.11741,0.94478
663.07717,0.94461
661.03693,0.94419
658.9967,0.94455
656.95646,0.94582
654.91622,0.94686
652.87598,0.94696
650.83575,0.9466
648.79551,0.94626
646.75527,0.94584
644.71503,0.94538
642.6748,0.94503
640.63456,0.94481
638.59432,0.94471
636.55408,0.94526
634.51385,0.94665
632.47361,0.9471
630.43337,0.94508
628.39313,0.94198
626.3529,0.9399
624.31266,0.93888
622.27242,0.93968
620.23218,0.94302
618.19195,0.94547
616.15171,0.94376
614.11147,0.94106
612.07123,0.9403
610.031,0.9406
607.99076,0.94042
605.95052,0.93943
603.91028,0.93944
601.87005,0.94106
599.82981,0.94138
