TITLE SAMPLE NAME:,HDPE_MED_BOX
DATA TYPE:,Infrared Spectrum
MEASUREMENT INFORMATION:,FTIR Spectrophotometer
MODEL NAME:,FTIR
SERIAL No:,
ACCESSORY:,ATR
LIGHT SOURCE:,
RESOLUTION:,4 cm-1
XUNITS/ HORIZONTAL AXIS:,Wavenumber [cm-1]
YUNITS/ VERTICAL AXIS:,Transmittance %T
FIRSTX:,3996.82516
FIRSTY:,98.275
LASTX:,599.82981
LASTY:,97.348
NPOINTS:,1681
3996.82516,98.885
3994.78492,98.849
3992.74468,98.804
3990.70444,98.775
3988.66421,98.758
3986.62397,98.761
3984.58373,98.783
3982.5435,98.814
3980.50326,98.843
3978.46302,98.848
3976.42278,98.831
3974.38255,98.819
3972.34231,98.816
3970.30207,98.809
3968.26183,98.8
3966.2216,98.791
3964.18136,98.782
3962.14112,98.778
3960.10088,98.78
3958.06065,98.783
3956.02041,98.797
3953.98017,98.816
3951.93993,98.79
3949.8997,98.72
3947.85946,98.682
3945.81922,98.714
3943.77898,98.774
3941.73875,98.814
3939.69851,98.811
3937.65827,98.777
3935.61803,98.735
3933.5778,98.699
3931.53756,98.695
3929.49732,98.745
3927.45708,98.791
3925.41685,98.787
3923.37661,98.747
3921.33637,98.696
3919.29613,98.67
3917.2559,98.695
3915.21566,98.753
3913.17542,98.804
3911.13518,98.827
3909.09495,98.817
3907.05471,98.79
3905.01447,98.757
3902.97423,98.722
3900.934,98.691
3898.89376,98.696
3896.85352,98.746
3894.81329,98.798
3892.77305,98.814
3890.73281,98.812
3888.69257,98.815
3886.65234,98.794
3884.6121,98.751
3882.57186,98.722
3880.53162,98.718
3878.49139,98.74
3876.45115,98.764
3874.41091,98.769
3872.37067,98.766
3870.33044,98.76
3868.2902,98.765
3866.24996,98.773
3864.20972,98.762
3862.16949,98.741
3860.12925,98.728
3858.08901,98.722
3856.04877,98.73
3854.00854,98.769
3851.9683,98.833
3849.92806,98.862
3847.88782,98.844
3845.84759,98.817
3843.80735,98.806
3841.76711,98.817
3839.72687,98.85
3837.68664,98.871
3835.6464,98.838
3833.60616,98.776
3831.56592,98.749
3829.52569,98.774
3827.48545,98.808
3825.44521,98.827
3823.40497,98.842
3821.36474,98.853
3819.3245,98.875
3817.28426,98.907
3815.24402,98.909
3813.20379,98.894
3811.16355,98.892
3809.12331,98.895
3807.08307,98.905
3805.04284,98.943
3803.0026,98.966
3800.96236,98.921
3798.92213,98.847
3796.88189,98.803
3794.84165,98.79
3792.80141,98.798
3790.76118,98.826
3788.72094,98.855
3786.6807,98.862
3784.64046,98.857
3782.60023,98.866
3780.55999,98.888
3778.51975,98.903
3776.47951,98.897
3774.43928,98.875
3772.39904,98.858
3770.3588,98.858
3768.31856,98.87
3766.27833,98.873
3764.23809,98.861
3762.19785,98.847
3760.15761,98.829
3758.11738,98.809
3756.07714,98.812
3754.0369,98.841
3751.99666,98.875
3749.95643,98.896
3747.91619,98.911
3745.87595,98.905
3743.83571,98.877
3741.79548,98.886
3739.75524,98.931
3737.715,98.924
3735.67476,98.839
3733.63453,98.782
3731.59429,98.785
3729.55405,98.782
3727.51381,98.772
3725.47358,98.772
3723.43334,98.763
3721.3931,98.759
3719.35286,98.782
3717.31263,98.811
3715.27239,98.817
3713.23215,98.798
3711.19191,98.783
3709.15168,98.796
3707.11144,98.817
3705.0712,98.823
3703.03097,98.809
3700.99073,98.79
3698.95049,98.791
3696.91025,98.802
3694.87002,98.802
3692.82978,98.798
3690.78954,98.802
3688.7493,98.823
3686.70907,98.86
3684.66883,98.878
3682.62859,98.856
3680.58835,98.822
3678.54812,98.821
3676.50788,98.843
3674.46764,98.838
3672.4274,98.81
3670.38717,98.806
3668.34693,98.837
3666.30669,98.859
3664.26645,98.85
3662.22622,98.833
3660.18598,98.835
3658.14574,98.844
3656.1055,98.835
3654.06527,98.826
3652.02503,98.822
3649.98479,98.797
3647.94455,98.758
3645.90432,98.74
3643.86408,98.749
3641.82384,98.786
3639.7836,98.84
3637.74337,98.88
3635.70313,98.891
3633.66289,98.875
3631.62265,98.849
3629.58242,98.822
3627.54218,98.806
3625.50194,98.809
3623.4617,98.805
3621.42147,98.773
3619.38123,98.731
3617.34099,98.719
3615.30075,98.735
3613.26052,98.755
3611.22028,98.769
3609.18004,98.78
3607.13981,98.798
3605.09957,98.82
3603.05933,98.831
3601.01909,98.835
3598.97886,98.829
3596.93862,98.798
3594.89838,98.768
3592.85814,98.778
3590.81791,98.799
3588.77767,98.795
3586.73743,98.793
3584.69719,98.816
3582.65696,98.83
3580.61672,98.84
3578.57648,98.861
3576.53624,98.884
3574.49601,98.893
3572.45577,98.877
3570.41553,98.808
3568.37529,98.698
3566.33506,98.649
3564.29482,98.722
3562.25458,98.822
3560.21434,98.882
3558.17411,98.914
3556.13387,98.917
3554.09363,98.884
3552.05339,98.848
3550.01316,98.834
3547.97292,98.826
3545.93268,98.82
3543.89244,98.848
3541.85221,98.908
3539.81197,98.953
3537.77173,98.955
3535.73149,98.922
3533.69126,98.88
3531.65102,98.857
3529.61078,98.861
3527.57054,98.875
3525.53031,98.892
3523.49007,98.92
3521.44983,98.954
3519.40959,98.969
3517.36936,98.961
3515.32912,98.953
3513.28888,98.956
3511.24865,98.961
3509.20841,98.963
3507.16817,98.957
3505.12793,98.936
3503.0877,98.926
3501.04746,98.945
3499.00722,98.968
3496.96698,98.99
3494.92675,99.03
3492.88651,99.047
3490.84627,99.011
3488.80603,98.97
3486.7658,98.98
3484.72556,99.018
3482.68532,99.032
3480.64508,99.03
3478.60485,99.038
3476.56461,99.041
3474.52437,99.038
3472.48413,99.05
3470.4439,99.065
3468.40366,99.066
3466.36342,99.067
3464.32318,99.077
3462.28295,99.089
3460.24271,99.099
3458.20247,99.1
3456.16223,99.1
3454.122,99.102
3452.08176,99.107
3450.04152,99.109
3448.00128,99.112
3445.96105,99.133
3443.92081,99.168
3441.88057,99.188
3439.84033,99.184
3437.8001,99.161
3435.75986,99.133
3433.71962,99.129
3431.67938,99.146
3429.63915,99.16
3427.59891,99.167
3425.55867,99.175
3423.51843,99.183
3421.4782,99.181
3419.43796,99.162
3417.39772,99.154
3415.35749,99.175
3413.31725,99.195
3411.27701,99.201
3409.23677,99.196
3407.19654,99.195
3405.1563,99.209
3403.11606,99.219
3401.07582,99.219
3399.03559,99.223
3396.99535,99.232
3394.95511,99.217
3392.91487,99.214
3390.87464,99.243
3388.8344,99.26
3386.79416,99.254
3384.75392,99.248
3382.71369,99.26
3380.67345,99.293
3378.63321,99.319
3376.59297,99.309
3374.55274,99.289
3372.5125,99.293
3370.47226,99.306
3368.43202,99.299
3366.39179,99.268
3364.35155,99.241
3362.31131,99.257
3360.27107,99.311
3358.23084,99.356
3356.1906,99.368
3354.15036,99.363
3352.11012,99.343
3350.06989,99.314
3348.02965,99.309
3345.98941,99.336
3343.94917,99.358
3341.90894,99.355
3339.8687,99.332
3337.82846,99.309
3335.78822,99.315
3333.74799,99.349
3331.70775,99.381
3329.66751,99.395
3327.62727,99.396
3325.58704,99.393
3323.5468,99.385
3321.50656,99.376
3319.46633,99.382
3317.42609,99.382
3315.38585,99.366
3313.34561,99.358
3311.30538,99.357
3309.26514,99.355
3307.2249,99.363
3305.18466,99.363
3303.14443,99.333
3301.10419,99.297
3299.06395,99.292
3297.02371,99.306
3294.98348,99.326
3292.94324,99.353
3290.903,99.372
3288.86276,99.374
3286.82253,99.359
3284.78229,99.329
3282.74205,99.318
3280.70181,99.349
3278.66158,99.386
3276.62134,99.397
3274.5811,99.384
3272.54086,99.374
3270.50063,99.382
3268.46039,99.385
3266.42015,99.373
3264.37991,99.364
3262.33968,99.35
3260.29944,99.329
3258.2592,99.32
3256.21896,99.318
3254.17873,99.316
3252.13849,99.32
3250.09825,99.315
3248.05801,99.287
3246.01778,99.258
3243.97754,99.262
3241.9373,99.296
3239.89706,99.32
3237.85683,99.31
3235.81659,99.269
3233.77635,99.234
3231.73611,99.239
3229.69588,99.265
3227.65564,99.271
3225.6154,99.256
3223.57517,99.251
3221.53493,99.261
3219.49469,99.269
3217.45445,99.26
3215.41422,99.247
3213.37398,99.245
3211.33374,99.256
3209.2935,99.272
3207.25327,99.287
3205.21303,99.282
3203.17279,99.256
3201.13255,99.237
3199.09232,99.226
3197.05208,99.227
3195.01184,99.244
3192.9716,99.252
3190.93137,99.24
3188.89113,99.235
3186.85089,99.249
3184.81065,99.252
3182.77042,99.228
3180.73018,99.21
3178.68994,99.212
3176.6497,99.205
3174.60947,99.191
3172.56923,99.2
3170.52899,99.221
3168.48875,99.221
3166.44852,99.205
3164.40828,99.192
3162.36804,99.182
3160.3278,99.181
3158.28757,99.198
3156.24733,99.216
3154.20709,99.217
3152.16685,99.215
3150.12662,99.213
3148.08638,99.195
3146.04614,99.171
3144.0059,99.156
3141.96567,99.158
3139.92543,99.174
3137.88519,99.181
3135.84495,99.172
3133.80472,99.181
3131.76448,99.217
3129.72424,99.228
3127.68401,99.189
3125.64377,99.148
3123.60353,99.149
3121.56329,99.17
3119.52306,99.178
3117.48282,99.157
3115.44258,99.124
3113.40234,99.129
3111.36211,99.17
3109.32187,99.184
3107.28163,99.17
3105.24139,99.162
3103.20116,99.154
3101.16092,99.145
3099.12068,99.159
3097.08044,99.183
3095.04021,99.193
3092.99997,99.176
3090.95973,99.138
3088.91949,99.121
3086.87926,99.133
3084.83902,99.142
3082.79878,99.136
3080.75854,99.127
3078.71831,99.126
3076.67807,99.134
3074.63783,99.132
3072.59759,99.121
3070.55736,99.112
3068.51712,99.107
3066.47688,99.117
3064.43664,99.141
3062.39641,99.152
3060.35617,99.147
3058.31593,99.143
3056.27569,99.146
3054.23546,99.146
3052.19522,99.134
3050.15498,99.122
3048.11474,99.13
3046.07451,99.142
3044.03427,99.141
3041.99403,99.139
3039.95379,99.138
3037.91356,99.132
3035.87332,99.135
3033.83308,99.148
3031.79285,99.143
3029.75261,99.138
3027.71237,99.157
3025.67213,99.174
3023.6319,99.164
3021.59166,99.146
3019.55142,99.142
3017.51118,99.135
3015.47095,99.106
3013.43071,99.079
3011.39047,99.081
3009.35023,99.103
3007.31,99.118
3005.26976,99.119
3003.22952,99.116
3001.18928,99.111
2999.14905,99.108
2997.10881,99.123
2995.06857,99.139
2993.02833,99.125
2990.9881,99.102
2988.94786,99.104
2986.90762,99.123
2984.86738,99.137
2982.82715,99.141
2980.78691,99.13
2978.74667,99.109
2976.70643,99.086
2974.6662,99.072
2972.62596,99.09
2970.58572,99.12
2968.54548,99.12
2966.50525,99.11
2964.46501,99.114
2962.42477,99.11
2960.38453,99.083
2958.3443,99.068
2956.30406,99.091
2954.26382,99.118
2952.22358,99.115
2950.18335,99.106
2948.14311,99.1
2946.10287,99.078
2944.06264,99.036
2942.0224,98.971
2939.98216,98.89
2937.94192,98.812
2935.90169,98.711
2933.86145,98.576
2931.82121,98.426
2929.78097,98.244
2927.74074,98.011
2925.7005,97.736
2923.66026,97.386
2921.62002,96.933
2919.57979,96.437
2917.53955,95.999
2915.49931,95.703
2913.45907,95.585
2911.41884,95.608
2909.3786,95.733
2907.33836,95.943
2905.29812,96.19
2903.25789,96.388
2901.21765,96.522
2899.17741,96.652
2897.13717,96.78
2895.09694,96.884
2893.0567,96.985
2891.01646,97.08
2888.97622,97.164
2886.93599,97.268
2884.89575,97.396
2882.85551,97.527
2880.81527,97.659
2878.77504,97.801
2876.7348,97.936
2874.69456,98.049
2872.65432,98.149
2870.61409,98.246
2868.57385,98.336
2866.53361,98.413
2864.49337,98.472
2862.45314,98.482
2860.4129,98.42
2858.37266,98.282
2856.33242,98.039
2854.29219,97.641
2852.25195,97.072
2850.21171,96.418
2848.17148,95.873
2846.13124,95.615
2844.091,95.642
2842.05076,95.838
2840.01053,96.124
2837.97029,96.453
2835.93005,96.757
2833.88981,97.001
2831.84958,97.212
2829.80934,97.394
2827.7691,97.533
2825.72886,97.641
2823.68863,97.724
2821.64839,97.803
2819.60815,97.9
2817.56791,97.989
2815.52768,98.047
2813.48744,98.099
2811.4472,98.145
2809.40696,98.171
2807.36673,98.195
2805.32649,98.234
2803.28625,98.269
2801.24601,98.278
2799.20578,98.28
2797.16554,98.298
2795.1253,98.318
2793.08506,98.34
2791.04483,98.369
2789.00459,98.392
2786.96435,98.396
2784.92411,98.397
2782.88388,98.418
2780.84364,98.445
2778.8034,98.459
2776.76316,98.47
2774.72293,98.496
2772.68269,98.518
2770.64245,98.511
2768.60221,98.502
2766.56198,98.514
2764.52174,98.528
2762.4815,98.541
2760.44126,98.564
2758.40103,98.583
2756.36079,98.596
2754.32055,98.596
2752.28032,98.586
2750.24008,98.588
2748.19984,98.605
2746.1596,98.615
2744.11937,98.611
2742.07913,98.599
2740.03889,98.585
2737.99865,98.586
2735.95842,98.606
2733.91818,98.617
2731.87794,98.618
2729.8377,98.621
2727.79747,98.619
2725.75723,98.613
2723.71699,98.625
2721.67675,98.652
2719.63652,98.669
2717.59628,98.658
2715.55604,98.629
2713.5158,98.615
2711.47557,98.634
2709.43533,98.66
2707.39509,98.663
2705.35485,98.652
2703.31462,98.649
2701.27438,98.666
2699.23414,98.697
2697.1939,98.718
2695.15367,98.711
2693.11343,98.691
2691.07319,98.687
2689.03295,98.696
2686.99272,98.69
2684.95248,98.673
2682.91224,98.67
2680.872,98.685
2678.83177,98.703
2676.79153,98.71
2674.75129,98.705
2672.71105,98.687
2670.67082,98.674
2668.63058,98.686
2666.59034,98.698
2664.5501,98.691
2662.50987,98.681
2660.46963,98.686
2658.42939,98.692
2656.38916,98.684
2654.34892,98.667
2652.30868,98.659
2650.26844,98.673
2648.22821,98.684
2646.18797,98.673
2644.14773,98.676
2642.10749,98.699
2640.06726,98.703
2638.02702,98.693
2635.98678,98.682
2633.94654,98.671
2631.90631,98.663
2629.86607,98.669
2627.82583,98.686
2625.78559,98.696
2623.74536,98.695
2621.70512,98.693
2619.66488,98.699
2617.62464,98.707
2615.58441,98.702
2613.54417,98.692
2611.50393,98.691
2609.46369,98.692
2607.42346,98.689
2605.38322,98.694
2603.34298,98.708
2601.30274,98.711
2599.26251,98.702
2597.22227,98.694
2595.18203,98.7
2593.14179,98.713
2591.10156,98.715
2589.06132,98.722
2587.02108,98.737
2584.98084,98.741
2582.94061,98.731
2580.90037,98.724
2578.86013,98.732
2576.81989,98.74
2574.77966,98.724
2572.73942,98.701
2570.69918,98.708
2568.65894,98.734
2566.61871,98.746
2564.57847,98.739
2562.53823,98.733
2560.498,98.729
2558.45776,98.727
2556.41752,98.74
2554.37728,98.745
2552.33705,98.722
2550.29681,98.707
2548.25657,98.715
2546.21633,98.728
2544.1761,98.73
2542.13586,98.727
2540.09562,98.727
2538.05538,98.725
2536.01515,98.716
2533.97491,98.708
2531.93467,98.711
2529.89443,98.728
2527.8542,98.743
2525.81396,98.744
2523.77372,98.745
2521.73348,98.764
2519.69325,98.786
2517.65301,98.786
2515.61277,98.761
2513.57253,98.736
2511.5323,98.732
2509.49206,98.736
2507.45182,98.737
2505.41158,98.734
2503.37135,98.728
2501.33111,98.729
2499.29087,98.73
2497.25063,98.73
2495.2104,98.748
2493.17016,98.777
2491.12992,98.78
2489.08968,98.767
2487.04945,98.757
2485.00921,98.751
2482.96897,98.752
2480.92873,98.754
2478.8885,98.75
2476.84826,98.746
2474.80802,98.74
2472.76778,98.735
2470.72755,98.739
2468.68731,98.744
2466.64707,98.732
2464.60684,98.716
2462.5666,98.713
2460.52636,98.73
2458.48612,98.754
2456.44589,98.758
2454.40565,98.744
2452.36541,98.735
2450.32517,98.731
2448.28494,98.722
2446.2447,98.731
2444.20446,98.758
2442.16422,98.774
2440.12399,98.775
2438.08375,98.773
2436.04351,98.771
2434.00327,98.772
2431.96304,98.766
2429.9228,98.745
2427.88256,98.732
2425.84232,98.743
2423.80209,98.76
2421.76185,98.763
2419.72161,98.751
2417.68137,98.742
2415.64114,98.743
2413.6009,98.754
2411.56066,98.766
2409.52042,98.767
2407.48019,98.754
2405.43995,98.743
2403.39971,98.742
2401.35947,98.736
2399.31924,98.727
2397.279,98.728
2395.23876,98.729
2393.19852,98.72
2391.15829,98.715
2389.11805,98.725
2387.07781,98.737
2385.03757,98.729
2382.99734,98.699
2380.9571,98.664
2378.91686,98.648
2376.87662,98.651
2374.83639,98.668
2372.79615,98.7
2370.75591,98.751
2368.71568,98.807
2366.67544,98.843
2364.6352,98.851
2362.59496,98.843
2360.55473,98.823
2358.51449,98.777
2356.47425,98.714
2354.43401,98.705
2352.39378,98.797
2350.35354,98.9
2348.3133,98.884
2346.27306,98.757
2344.23283,98.679
2342.19259,98.721
2340.15235,98.791
2338.11211,98.83
2336.07188,98.84
2334.03164,98.811
2331.9914,98.754
2329.95116,98.716
2327.91093,98.716
2325.87069,98.726
2323.83045,98.717
2321.79021,98.691
2319.74998,98.674
2317.70974,98.668
2315.6695,98.659
2313.62926,98.642
2311.58903,98.626
2309.54879,98.62
2307.50855,98.635
2305.46831,98.663
2303.42808,98.676
2301.38784,98.664
2299.3476,98.649
2297.30736,98.655
2295.26713,98.689
2293.22689,98.725
2291.18665,98.728
2289.14641,98.702
2287.10618,98.694
2285.06594,98.714
2283.0257,98.733
2280.98546,98.729
2278.94523,98.707
2276.90499,98.699
2274.86475,98.709
2272.82452,98.719
2270.78428,98.728
2268.74404,98.735
2266.7038,98.735
2264.66357,98.739
2262.62333,98.755
2260.58309,98.76
2258.54285,98.74
2256.50262,98.727
2254.46238,98.738
2252.42214,98.748
2250.3819,98.752
2248.34167,98.754
2246.30143,98.74
2244.26119,98.723
2242.22095,98.721
2240.18072,98.725
2238.14048,98.724
2236.10024,98.724
2234.06,98.738
2232.01977,98.75
2229.97953,98.74
2227.93929,98.717
2225.89905,98.705
2223.85882,98.71
2221.81858,98.715
2219.77834,98.719
2217.7381,98.727
2215.69787,98.725
2213.65763,98.721
2211.61739,98.722
2209.57715,98.72
2207.53692,98.72
2205.49668,98.722
2203.45644,98.717
2201.4162,98.718
2199.37597,98.736
2197.33573,98.748
2195.29549,98.734
2193.25525,98.723
2191.21502,98.723
2189.17478,98.723
2187.13454,98.719
2185.0943,98.709
2183.05407,98.711
2181.01383,98.73
2178.97359,98.742
2176.93336,98.731
2174.89312,98.71
2172.85288,98.704
2170.81264,98.717
2168.77241,98.728
2166.73217,98.719
2164.69193,98.707
2162.65169,98.715
2160.61146,98.726
2158.57122,98.718
2156.53098,98.709
2154.49074,98.716
2152.45051,98.727
2150.41027,98.731
2148.37003,98.728
2146.32979,98.72
2144.28956,98.706
2142.24932,98.694
2140.20908,98.691
2138.16884,98.694
2136.12861,98.704
2134.08837,98.721
2132.04813,98.735
2130.00789,98.739
2127.96766,98.737
2125.92742,98.723
2123.88718,98.705
2121.84694,98.7
2119.80671,98.7
2117.76647,98.699
2115.72623,98.71
2113.68599,98.726
2111.64576,98.726
2109.60552,98.711
2107.56528,98.703
2105.52504,98.702
2103.48481,98.707
2101.44457,98.715
2099.40433,98.714
2097.36409,98.713
2095.32386,98.72
2093.28362,98.719
2091.24338,98.706
2089.20315,98.692
2087.16291,98.685
2085.12267,98.686
2083.08243,98.685
2081.0422,98.683
2079.00196,98.709
2076.96172,98.755
2074.92148,98.772
2072.88125,98.742
2070.84101,98.702
2068.80077,98.687
2066.76053,98.692
2064.7203,98.696
2062.68006,98.687
2060.63982,98.677
2058.59958,98.683
2056.55935,98.694
2054.51911,98.693
2052.47887,98.691
2050.43863,98.696
2048.3984,98.703
2046.35816,98.711
2044.31792,98.72
2042.27768,98.716
2040.23745,98.701
2038.19721,98.687
2036.15697,98.684
2034.11673,98.693
2032.0765,98.699
2030.03626,98.703
2027.99602,98.717
2025.95578,98.732
2023.91555,98.73
2021.87531,98.704
2019.83507,98.677
2017.79483,98.679
2015.7546,98.704
2013.71436,98.718
2011.67412,98.71
2009.63388,98.704
2007.59365,98.71
2005.55341,98.724
2003.51317,98.73
2001.47293,98.717
1999.4327,98.693
1997.39246,98.679
1995.35222,98.665
1993.31199,98.641
1991.27175,98.623
1989.23151,98.628
1987.19127,98.65
1985.15104,98.668
1983.1108,98.669
1981.07056,98.663
1979.03032,98.667
1976.99009,98.673
1974.94985,98.668
1972.90961,98.659
1970.86937,98.657
1968.82914,98.656
1966.7889,98.664
1964.74866,98.683
1962.70842,98.689
1960.66819,98.682
1958.62795,98.671
1956.58771,98.66
1954.54747,98.664
1952.50724,98.672
1950.467,98.656
1948.42676,98.631
1946.38652,98.633
1944.34629,98.65
1942.30605,98.654
1940.26581,98.66
1938.22557,98.679
1936.18534,98.68
1934.1451,98.667
1932.10486,98.661
1930.06462,98.658
1928.02439,98.651
1925.98415,98.641
1923.94391,98.632
1921.90367,98.632
1919.86344,98.636
1917.8232,98.634
1915.78296,98.638
1913.74272,98.643
1911.70249,98.638
1909.66225,98.62
1907.62201,98.604
1905.58177,98.606
1903.54154,98.619
1901.5013,98.628
1899.46106,98.634
1897.42083,98.644
1895.38059,98.654
1893.34035,98.661
1891.30011,98.658
1889.25988,98.65
1887.21964,98.655
1885.1794,98.667
1883.13916,98.669
1881.09893,98.658
1879.05869,98.645
1877.01845,98.648
1874.97821,98.665
1872.93798,98.666
1870.89774,98.636
1868.8575,98.602
1866.81726,98.601
1864.77703,98.622
1862.73679,98.641
1860.69655,98.651
1858.65631,98.65
1856.61608,98.643
1854.57584,98.631
1852.5356,98.618
1850.49536,98.602
1848.45513,98.587
1846.41489,98.585
1844.37465,98.595
1842.33441,98.607
1840.29418,98.619
1838.25394,98.628
1836.2137,98.634
1834.17346,98.638
1832.13323,98.64
1830.09299,98.639
1828.05275,98.636
1826.01251,98.631
1823.97228,98.625
1821.93204,98.615
1819.8918,98.598
1817.85156,98.576
1815.81133,98.559
1813.77109,98.544
1811.73085,98.535
1809.69061,98.547
1807.65038,98.57
1805.61014,98.573
1803.5699,98.548
1801.52967,98.526
1799.48943,98.544
1797.44919,98.577
1795.40895,98.593
1793.36872,98.586
1791.32848,98.57
1789.28824,98.565
1787.248,98.57
1785.20777,98.569
1783.16753,98.569
1781.12729,98.57
1779.08705,98.563
1777.04682,98.553
1775.00658,98.556
1772.96634,98.569
1770.9261,98.571
1768.88587,98.564
1766.84563,98.564
1764.80539,98.565
1762.76515,98.558
1760.72492,98.549
1758.68468,98.533
1756.64444,98.509
1754.6042,98.495
1752.56397,98.489
1750.52373,98.473
1748.48349,98.445
1746.44325,98.42
1744.40302,98.417
1742.36278,98.453
1740.32254,98.505
1738.2823,98.537
1736.24207,98.543
1734.20183,98.526
1732.16159,98.497
1730.12135,98.485
1728.08112,98.499
1726.04088,98.526
1724.00064,98.551
1721.9604,98.566
1719.92017,98.559
1717.87993,98.524
1715.83969,98.499
1713.79945,98.508
1711.75922,98.518
1709.71898,98.518
1707.67874,98.519
1705.63851,98.526
1703.59827,98.535
1701.55803,98.538
1699.51779,98.532
1697.47756,98.538
1695.43732,98.55
1693.39708,98.537
1691.35684,98.506
1689.31661,98.492
1687.27637,98.515
1685.23613,98.533
1683.19589,98.499
1681.15566,98.469
1679.11542,98.498
1677.07518,98.557
1675.03494,98.583
1672.99471,98.568
1670.95447,98.549
1668.91423,98.538
1666.87399,98.534
1664.83376,98.537
1662.79352,98.54
1660.75328,98.542
1658.71304,98.552
1656.67281,98.583
1654.63257,98.633
1652.59233,98.654
1650.55209,98.64
1648.51186,98.63
1646.47162,98.617
1644.43138,98.582
1642.39114,98.556
1640.35091,98.558
1638.31067,98.584
1636.27043,98.612
1634.23019,98.614
1632.18996,98.603
1630.14972,98.608
1628.10948,98.629
1626.06924,98.645
1624.02901,98.638
1621.98877,98.624
1619.94853,98.637
1617.90829,98.661
1615.86806,98.646
1613.82782,98.6
1611.78758,98.562
1609.74735,98.54
1607.70711,98.533
1605.66687,98.535
1603.62663,98.537
1601.5864,98.539
1599.54616,98.55
1597.50592,98.562
1595.46568,98.56
1593.42545,98.547
1591.38521,98.53
1589.34497,98.511
1587.30473,98.495
1585.2645,98.494
1583.22426,98.505
1581.18402,98.515
1579.14378,98.525
1577.10355,98.541
1575.06331,98.546
1573.02307,98.534
1570.98283,98.517
1568.9426,98.497
1566.90236,98.484
1564.86212,98.491
1562.82188,98.52
1560.78165,98.563
1558.74141,98.571
1556.70117,98.516
1554.66093,98.464
1552.6207,98.432
1550.58046,98.406
1548.54022,98.389
1546.49998,98.381
1544.45975,98.409
1542.41951,98.504
1540.37927,98.59
1538.33903,98.57
1536.2988,98.505
1534.25856,98.457
1532.21832,98.431
1530.17808,98.413
1528.13785,98.388
1526.09761,98.36
1524.05737,98.381
1522.01713,98.444
1519.9769,98.464
1517.93666,98.424
1515.89642,98.389
1513.85619,98.377
1511.81595,98.344
1509.77571,98.292
1507.73547,98.302
1505.69524,98.39
1503.655,98.424
1501.61476,98.407
1499.57452,98.41
1497.53429,98.445
1495.49405,98.482
1493.45381,98.485
1491.41357,98.456
1489.37334,98.443
1487.3331,98.48
1485.29286,98.526
1483.25262,98.553
1481.21239,98.571
1479.17215,98.568
1477.13191,98.443
1475.09167,98.064
1473.05144,97.514
1471.0112,97.176
1468.97096,97.172
1466.93072,97.25
1464.89049,97.197
1462.85025,97.055
1460.81001,97.054
1458.76977,97.295
1456.72954,97.638
1454.6893,97.849
1452.64906,97.921
1450.60882,97.955
1448.56859,97.996
1446.52835,98.052
1444.48811,98.105
1442.44787,98.141
1440.40764,98.158
1438.3674,98.164
1436.32716,98.183
1434.28692,98.227
1432.24669,98.266
1430.20645,98.277
1428.16621,98.27
1426.12597,98.263
1424.08574,98.278
1422.0455,98.309
1420.00526,98.309
1417.96503,98.266
1415.92479,98.241
1413.88455,98.255
1411.84431,98.299
1409.80408,98.359
1407.76384,98.397
1405.7236,98.391
1403.68336,98.365
1401.64313,98.336
1399.60289,98.301
1397.56265,98.284
1395.52241,98.301
1393.48218,98.329
1391.44194,98.354
1389.4017,98.382
1387.36146,98.404
1385.32123,98.416
1383.28099,98.417
1381.24075,98.407
1379.20051,98.412
1377.16028,98.442
1375.12004,98.474
1373.0798,98.493
1371.03956,98.494
1368.99933,98.497
1366.95909,98.512
1364.91885,98.497
1362.87861,98.453
1360.83838,98.455
1358.79814,98.504
1356.7579,98.538
1354.71766,98.541
1352.67743,98.534
1350.63719,98.536
1348.59695,98.544
1346.55671,98.548
1344.51648,98.542
1342.47624,98.505
1340.436,98.452
1338.39576,98.457
1336.35553,98.526
1334.31529,98.589
1332.27505,98.612
1330.23481,98.612
1328.19458,98.607
1326.15434,98.606
1324.1141,98.614
1322.07387,98.63
1320.03363,98.638
1317.99339,98.634
1315.95315,98.625
1313.91292,98.626
1311.87268,98.643
1309.83244,98.661
1307.7922,98.651
1305.75197,98.608
1303.71173,98.566
1301.67149,98.55
1299.63125,98.535
1297.59102,98.5
1295.55078,98.466
1293.51054,98.445
1291.4703,98.427
1289.43007,98.421
1287.38983,98.435
1285.34959,98.454
1283.30935,98.462
1281.26912,98.464
1279.22888,98.459
1277.18864,98.443
1275.1484,98.426
1273.10817,98.416
1271.06793,98.414
1269.02769,98.414
1266.98745,98.392
1264.94722,98.356
1262.90698,98.346
1260.86674,98.369
1258.8265,98.392
1256.78627,98.397
1254.74603,98.391
1252.70579,98.389
1250.66555,98.392
1248.62532,98.389
1246.58508,98.377
1244.54484,98.363
1242.5046,98.361
1240.46437,98.371
1238.42413,98.364
1236.38389,98.344
1234.34366,98.331
1232.30342,98.326
1230.26318,98.319
1228.22294,98.304
1226.18271,98.286
1224.14247,98.284
1222.10223,98.293
1220.06199,98.291
1218.02176,98.275
1215.98152,98.243
1213.94128,98.215
1211.90104,98.224
1209.86081,98.258
1207.82057,98.276
1205.78033,98.281
1203.74009,98.297
1201.69986,98.324
1199.65962,98.332
1197.61938,98.312
1195.57914,98.292
1193.53891,98.275
1191.49867,98.243
1189.45843,98.208
1187.41819,98.203
1185.37796,98.224
1183.33772,98.25
1181.29748,98.274
1179.25724,98.287
1177.21701,98.316
1175.17677,98.394
1173.13653,98.504
1171.09629,98.614
1169.05606,98.716
1167.01582,98.811
1164.97558,98.902
1162.93534,98.981
1160.89511,99.027
1158.85487,99.025
1156.81463,98.988
1154.77439,98.937
1152.73416,98.891
1150.69392,98.851
1148.65368,98.801
1146.61344,98.742
1144.57321,98.699
1142.53297,98.675
1140.49273,98.653
1138.4525,98.627
1136.41226,98.62
1134.37202,98.65
1132.33178,98.696
1130.29155,98.745
1128.25131,98.814
1126.21107,98.9
1124.17083,98.972
1122.1306,99.035
1120.09036,99.11
1118.05012,99.199
1116.00988,99.296
1113.96965,99.377
1111.92941,99.432
1109.88917,99.48
1107.84893,99.526
1105.8087,99.547
1103.76846,99.543
1101.72822,99.544
1099.68798,99.546
1097.64775,99.533
1095.60751,99.506
1093.56727,99.465
1091.52703,99.429
1089.4868,99.421
1087.44656,99.426
1085.40632,99.425
1083.36608,99.435
1081.32585,99.481
1079.28561,99.564
1077.24537,99.673
1075.20513,99.784
1073.1649,99.871
1071.12466,99.935
1069.08442,100.013
1067.04418,100.134
1065.00395,100.291
1062.96371,100.465
1060.92347,100.6
1058.88323,100.67
1056.843,100.718
1054.80276,100.751
1052.76252,100.763
1050.72228,100.762
1048.68205,100.739
1046.64181,100.707
1044.60157,100.682
1042.56134,100.682
1040.5211,100.731
1038.48086,100.807
1036.44062,100.873
1034.40039,100.93
1032.36015,100.968
1030.31991,100.969
1028.27967,100.964
1026.23944,100.966
1024.1992,100.961
1022.15896,100.947
1020.11872,100.919
1018.07849,100.857
1016.03825,100.754
1013.99801,100.665
1011.95777,100.63
1009.91754,100.624
1007.8773,100.609
1005.83706,100.577
1003.79682,100.552
1001.75659,100.557
999.71635,100.565
997.67611,100.559
995.63587,100.548
993.59564,100.534
991.5554,100.513
989.51516,100.497
987.47492,100.487
985.43469,100.451
983.39445,100.382
981.35421,100.294
979.31397,100.209
977.27374,100.144
975.2335,100.081
973.19326,100.016
971.15302,99.983
969.11279,99.973
967.07255,99.937
965.03231,99.856
962.99207,99.752
960.95184,99.665
958.9116,99.612
956.87136,99.569
954.83112,99.496
952.79089,99.406
950.75065,99.335
948.71041,99.261
946.67018,99.177
944.62994,99.126
942.5897,99.132
940.54946,99.147
938.50923,99.111
936.46899,99.048
934.42875,98.989
932.38851,98.935
930.34828,98.912
928.30804,98.926
926.2678,98.949
924.22756,98.936
922.18733,98.885
920.14709,98.845
918.10685,98.819
916.06661,98.814
914.02638,98.822
911.98614,98.8
909.9459,98.765
907.90566,98.765
905.86543,98.804
903.82519,98.851
901.78495,98.886
899.74471,98.928
897.70448,98.979
895.66424,99.017
893.624,99.014
891.58376,98.974
889.54353,98.932
887.50329,98.886
885.46305,98.808
883.42281,98.741
881.38258,98.716
879.34234,98.659
877.3021,98.548
875.26186,98.488
873.22163,98.51
871.18139,98.533
869.14115,98.507
867.10091,98.473
865.06068,98.487
863.02044,98.525
860.9802,98.554
858.93996,98.558
856.89973,98.523
854.85949,98.474
852.81925,98.442
850.77902,98.441
848.73878,98.472
846.69854,98.493
844.6583,98.504
842.61807,98.526
840.57783,98.495
838.53759,98.428
836.49735,98.419
834.45712,98.43
832.41688,98.413
830.37664,98.383
828.3364,98.325
826.29617,98.284
824.25593,98.297
822.21569,98.32
820.17545,98.344
818.13522,98.361
816.09498,98.351
814.05474,98.335
812.0145,98.347
809.97427,98.377
807.93403,98.332
805.89379,98.229
803.85355,98.245
801.81332,98.352
799.77308,98.391
797.73284,98.381
795.6926,98.385
793.65237,98.389
791.61213,98.399
789.57189,98.424
787.53165,98.448
785.49142,98.444
783.45118,98.376
781.41094,98.315
779.3707,98.317
777.33047,98.305
775.29023,98.266
773.24999,98.285
771.20975,98.365
769.16952,98.39
767.12928,98.351
765.08904,98.359
763.0488,98.392
761.00857,98.383
758.96833,98.346
756.92809,98.317
754.88786,98.353
752.84762,98.429
750.80738,98.458
748.76714,98.447
746.72691,98.438
744.68667,98.442
742.64643,98.441
740.60619,98.408
738.56596,98.355
736.52572,98.346
734.48548,98.37
732.44524,98.198
730.40501,97.827
728.36477,97.672
726.32453,97.798
724.28429,97.859
722.24406,97.613
720.20382,97.062
718.16358,96.519
716.12334,96.367
714.08311,96.597
712.04287,96.926
710.00263,97.163
707.96239,97.292
705.92216,97.399
703.88192,97.554
701.84168,97.716
699.80144,97.833
697.76121,97.916
695.72097,97.974
693.68073,97.999
691.64049,97.99
689.60026,97.96
687.56002,97.963
685.51978,98.037
683.47954,98.128
681.43931,98.181
679.39907,98.222
677.35883,98.304
675.31859,98.447
673.27836,98.542
671.23812,98.436
669.19788,98.264
667.15764,98.353
665.11741,98.598
663.07717,98.697
661.03693,98.633
658.9967,98.543
656.95646,98.517
654.91622,98.552
652.87598,98.578
650.83575,98.53
648.79551,98.37
646.75527,98.203
644.71503,98.222
642.6748,98.345
640.63456,98.34
638.59432,98.213
636.55408,98.104
634.51385,98.085
632.47361,98.192
630.43337,98.387
628.39313,98.502
626.3529,98.414
624.31266,98.365
622.27242,98.565
620.23218,98.725
618.19195,98.682
616.15171,98.558
614.11147,98.315
612.07123,98.193
610.031,98.4
607.99076,98.672
605.95052,98.728
603.91028,98.489
601.87005,98.187
599.82981,98.14