TITLE SAMPLE NAME:,LDPE_DOVE
DATA TYPE:,Infrared Spectrum
MEASUREMENT INFORMATION:,FTIR Spectrophotometer
MODEL NAME:,FTIR
SERIAL No:,
ACCESSORY:,ATR
LIGHT SOURCE:,
RESOLUTION:,4 cm-1
XUNITS/ HORIZONTAL AXIS:,Wavenumber [cm-1]
YUNITS/ VERTICAL AXIS:,Transmittance %T
FIRSTX:,3996.82516
FIRSTY:,98.871
LASTX:,599.82981
LASTY:,98.711
NPOINTS:,1681
3996.82516,98.871
3994.78492,98.844
3992.74468,98.831
3990.70444,98.839
3988.66421,98.846
3986.62397,98.848
3984.58373,98.841
3982.5435,98.831
3980.50326,98.845
3978.46302,98.858
3976.42278,98.832
3974.38255,98.805
3972.34231,98.816
3970.30207,98.844
3968.26183,98.849
3966.2216,98.824
3964.18136,98.795
3962.14112,98.792
3960.10088,98.81
3958.06065,98.812
3956.02041,98.789
3953.98017,98.762
3951.93993,98.724
3949.8997,98.679
3947.85946,98.664
3945.81922,98.686
3943.77898,98.719
3941.73875,98.751
3939.69851,98.769
3937.65827,98.773
3935.61803,98.772
3933.5778,98.743
3931.53756,98.689
3929.49732,98.68
3927.45708,98.728
3925.41685,98.774
3923.37661,98.776
3921.33637,98.73
3919.29613,98.671
3917.2559,98.639
3915.21566,98.666
3913.17542,98.747
3911.13518,98.818
3909.09495,98.83
3907.05471,98.797
3905.01447,98.738
3902.97423,98.667
3900.934,98.616
3898.89376,98.627
3896.85352,98.685
3894.81329,98.723
3892.77305,98.723
3890.73281,98.729
3888.69257,98.753
3886.65234,98.746
3884.6121,98.694
3882.57186,98.644
3880.53162,98.644
3878.49139,98.704
3876.45115,98.741
3874.41091,98.706
3872.37067,98.668
3870.33044,98.669
3868.2902,98.685
3866.24996,98.694
3864.20972,98.694
3862.16949,98.721
3860.12925,98.776
3858.08901,98.798
3856.04877,98.754
3854.00854,98.677
3851.9683,98.662
3849.92806,98.72
3847.88782,98.774
3845.84759,98.774
3843.80735,98.728
3841.76711,98.685
3839.72687,98.683
3837.68664,98.703
3835.6464,98.708
3833.60616,98.686
3831.56592,98.682
3829.52569,98.73
3827.48545,98.783
3825.44521,98.784
3823.40497,98.736
3821.36474,98.696
3819.3245,98.72
3817.28426,98.761
3815.24402,98.778
3813.20379,98.816
3811.16355,98.875
3809.12331,98.892
3807.08307,98.849
3805.04284,98.822
3803.0026,98.839
3800.96236,98.838
3798.92213,98.804
3796.88189,98.779
3794.84165,98.78
3792.80141,98.805
3790.76118,98.843
3788.72094,98.863
3786.6807,98.854
3784.64046,98.834
3782.60023,98.821
3780.55999,98.833
3778.51975,98.867
3776.47951,98.884
3774.43928,98.87
3772.39904,98.849
3770.3588,98.831
3768.31856,98.809
3766.27833,98.79
3764.23809,98.783
3762.19785,98.781
3760.15761,98.755
3758.11738,98.728
3756.07714,98.736
3754.0369,98.733
3751.99666,98.704
3749.95643,98.711
3747.91619,98.749
3745.87595,98.737
3743.83571,98.672
3741.79548,98.656
3739.75524,98.695
3737.715,98.681
3735.67476,98.603
3733.63453,98.595
3731.59429,98.663
3729.55405,98.693
3727.51381,98.672
3725.47358,98.651
3723.43334,98.654
3721.3931,98.682
3719.35286,98.738
3717.31263,98.791
3715.27239,98.786
3713.23215,98.713
3711.19191,98.635
3709.15168,98.632
3707.11144,98.699
3705.0712,98.772
3703.03097,98.789
3700.99073,98.765
3698.95049,98.77
3696.91025,98.801
3694.87002,98.8
3692.82978,98.747
3690.78954,98.685
3688.7493,98.68
3686.70907,98.743
3684.66883,98.8
3682.62859,98.803
3680.58835,98.765
3678.54812,98.721
3676.50788,98.693
3674.46764,98.677
3672.4274,98.656
3670.38717,98.646
3668.34693,98.681
3666.30669,98.739
3664.26645,98.768
3662.22622,98.774
3660.18598,98.781
3658.14574,98.776
3656.1055,98.749
3654.06527,98.733
3652.02503,98.711
3649.98479,98.631
3647.94455,98.561
3645.90432,98.602
3643.86408,98.7
3641.82384,98.785
3639.7836,98.844
3637.74337,98.873
3635.70313,98.874
3633.66289,98.855
3631.62265,98.803
3629.58242,98.726
3627.54218,98.693
3625.50194,98.714
3623.4617,98.716
3621.42147,98.671
3619.38123,98.616
3617.34099,98.595
3615.30075,98.592
3613.26052,98.594
3611.22028,98.622
3609.18004,98.662
3607.13981,98.697
3605.09957,98.724
3603.05933,98.73
3601.01909,98.718
3598.97886,98.706
3596.93862,98.699
3594.89838,98.713
3592.85814,98.758
3590.81791,98.773
3588.77767,98.706
3586.73743,98.646
3584.69719,98.692
3582.65696,98.783
3580.61672,98.848
3578.57648,98.88
3576.53624,98.895
3574.49601,98.894
3572.45577,98.866
3570.41553,98.785
3568.37529,98.648
3566.33506,98.558
3564.29482,98.626
3562.25458,98.76
3560.21434,98.839
3558.17411,98.856
3556.13387,98.838
3554.09363,98.806
3552.05339,98.797
3550.01316,98.811
3547.97292,98.792
3545.93268,98.758
3543.89244,98.793
3541.85221,98.88
3539.81197,98.936
3537.77173,98.934
3535.73149,98.901
3533.69126,98.865
3531.65102,98.837
3529.61078,98.816
3527.57054,98.804
3525.53031,98.814
3523.49007,98.85
3521.44983,98.889
3519.40959,98.9
3517.36936,98.889
3515.32912,98.897
3513.28888,98.92
3511.24865,98.92
3509.20841,98.909
3507.16817,98.917
3505.12793,98.914
3503.0877,98.885
3501.04746,98.886
3499.00722,98.93
3496.96698,98.976
3494.92675,99.017
3492.88651,99.036
3490.84627,99.007
3488.80603,98.973
3486.7658,98.98
3484.72556,99.002
3482.68532,98.998
3480.64508,98.988
3478.60485,99.003
3476.56461,99.02
3474.52437,99.026
3472.48413,99.03
3470.4439,99.027
3468.40366,99.018
3466.36342,99.028
3464.32318,99.045
3462.28295,99.047
3460.24271,99.05
3458.20247,99.062
3456.16223,99.073
3454.122,99.094
3452.08176,99.117
3450.04152,99.112
3448.00128,99.08
3445.96105,99.068
3443.92081,99.094
3441.88057,99.13
3439.84033,99.158
3437.8001,99.156
3435.75986,99.122
3433.71962,99.109
3431.67938,99.129
3429.63915,99.129
3427.59891,99.119
3425.55867,99.14
3423.51843,99.163
3421.4782,99.165
3419.43796,99.167
3417.39772,99.173
3415.35749,99.181
3413.31725,99.191
3411.27701,99.202
3409.23677,99.214
3407.19654,99.228
3405.1563,99.234
3403.11606,99.218
3401.07582,99.205
3399.03559,99.212
3396.99535,99.207
3394.95511,99.201
3392.91487,99.224
3390.87464,99.256
3388.8344,99.268
3386.79416,99.247
3384.75392,99.212
3382.71369,99.197
3380.67345,99.211
3378.63321,99.23
3376.59297,99.239
3374.55274,99.258
3372.5125,99.281
3370.47226,99.292
3368.43202,99.295
3366.39179,99.291
3364.35155,99.275
3362.31131,99.264
3360.27107,99.275
3358.23084,99.293
3356.1906,99.297
3354.15036,99.288
3352.11012,99.274
3350.06989,99.271
3348.02965,99.286
3345.98941,99.309
3343.94917,99.325
3341.90894,99.331
3339.8687,99.33
3337.82846,99.317
3335.78822,99.3
3333.74799,99.299
3331.70775,99.329
3329.66751,99.361
3327.62727,99.359
3325.58704,99.335
3323.5468,99.313
3321.50656,99.301
3319.46633,99.304
3317.42609,99.302
3315.38585,99.282
3313.34561,99.276
3311.30538,99.297
3309.26514,99.331
3307.2249,99.372
3305.18466,99.384
3303.14443,99.336
3301.10419,99.292
3299.06395,99.298
3297.02371,99.32
3294.98348,99.338
3292.94324,99.349
3290.903,99.342
3288.86276,99.331
3286.82253,99.325
3284.78229,99.312
3282.74205,99.305
3280.70181,99.318
3278.66158,99.338
3276.62134,99.352
3274.5811,99.347
3272.54086,99.332
3270.50063,99.343
3268.46039,99.363
3266.42015,99.37
3264.37991,99.372
3262.33968,99.353
3260.29944,99.308
3258.2592,99.276
3256.21896,99.271
3254.17873,99.286
3252.13849,99.313
3250.09825,99.326
3248.05801,99.308
3246.01778,99.268
3243.97754,99.245
3241.9373,99.257
3239.89706,99.275
3237.85683,99.273
3235.81659,99.251
3233.77635,99.221
3231.73611,99.208
3229.69588,99.216
3227.65564,99.23
3225.6154,99.245
3223.57517,99.257
3221.53493,99.261
3219.49469,99.256
3217.45445,99.244
3215.41422,99.23
3213.37398,99.229
3211.33374,99.243
3209.2935,99.262
3207.25327,99.267
3205.21303,99.247
3203.17279,99.221
3201.13255,99.207
3199.09232,99.198
3197.05208,99.203
3195.01184,99.222
3192.9716,99.227
3190.93137,99.224
3188.89113,99.224
3186.85089,99.223
3184.81065,99.216
3182.77042,99.201
3180.73018,99.189
3178.68994,99.186
3176.6497,99.18
3174.60947,99.171
3172.56923,99.174
3170.52899,99.18
3168.48875,99.174
3166.44852,99.161
3164.40828,99.154
3162.36804,99.148
3160.3278,99.142
3158.28757,99.147
3156.24733,99.163
3154.20709,99.176
3152.16685,99.172
3150.12662,99.156
3148.08638,99.137
3146.04614,99.125
3144.0059,99.129
3141.96567,99.141
3139.92543,99.152
3137.88519,99.163
3135.84495,99.173
3133.80472,99.173
3131.76448,99.169
3129.72424,99.155
3127.68401,99.13
3125.64377,99.12
3123.60353,99.126
3121.56329,99.119
3119.52306,99.104
3117.48282,99.093
3115.44258,99.077
3113.40234,99.075
3111.36211,99.108
3109.32187,99.142
3107.28163,99.152
3105.24139,99.151
3103.20116,99.149
3101.16092,99.141
3099.12068,99.131
3097.08044,99.13
3095.04021,99.135
3092.99997,99.126
3090.95973,99.102
3088.91949,99.088
3086.87926,99.1
3084.83902,99.127
3082.79878,99.142
3080.75854,99.129
3078.71831,99.097
3076.67807,99.081
3074.63783,99.094
3072.59759,99.105
3070.55736,99.092
3068.51712,99.072
3066.47688,99.071
3064.43664,99.082
3062.39641,99.089
3060.35617,99.093
3058.31593,99.1
3056.27569,99.119
3054.23546,99.144
3052.19522,99.139
3050.15498,99.105
3048.11474,99.088
3046.07451,99.096
3044.03427,99.097
3041.99403,99.089
3039.95379,99.095
3037.91356,99.105
3035.87332,99.101
3033.83308,99.08
3031.79285,99.059
3029.75261,99.07
3027.71237,99.102
3025.67213,99.103
3023.6319,99.077
3021.59166,99.07
3019.55142,99.081
3017.51118,99.084
3015.47095,99.081
3013.43071,99.081
3011.39047,99.091
3009.35023,99.106
3007.31,99.103
3005.26976,99.09
3003.22952,99.091
3001.18928,99.097
2999.14905,99.089
2997.10881,99.08
2995.06857,99.083
2993.02833,99.087
2990.9881,99.093
2988.94786,99.107
2986.90762,99.121
2984.86738,99.131
2982.82715,99.131
2980.78691,99.121
2978.74667,99.114
2976.70643,99.109
2974.6662,99.108
2972.62596,99.12
2970.58572,99.13
2968.54548,99.121
2966.50525,99.101
2964.46501,99.099
2962.42477,99.108
2960.38453,99.097
2958.3443,99.099
2956.30406,99.138
2954.26382,99.171
2952.22358,99.176
2950.18335,99.161
2948.14311,99.135
2946.10287,99.102
2944.06264,99.063
2942.0224,99.012
2939.98216,98.956
2937.94192,98.9
2935.90169,98.811
2933.86145,98.68
2931.82121,98.534
2929.78097,98.367
2927.74074,98.156
2925.7005,97.879
2923.66026,97.503
2921.62002,97.024
2919.57979,96.512
2917.53955,96.047
2915.49931,95.703
2913.45907,95.553
2911.41884,95.593
2909.3786,95.749
2907.33836,95.989
2905.29812,96.258
2903.25789,96.471
2901.21765,96.62
2899.17741,96.744
2897.13717,96.849
2895.09694,96.935
2893.0567,97.019
2891.01646,97.108
2888.97622,97.208
2886.93599,97.327
2884.89575,97.466
2882.85551,97.608
2880.81527,97.72
2878.77504,97.816
2876.7348,97.922
2874.69456,98.032
2872.65432,98.135
2870.61409,98.233
2868.57385,98.323
2866.53361,98.394
2864.49337,98.445
2862.45314,98.471
2860.4129,98.441
2858.37266,98.325
2856.33242,98.098
2854.29219,97.692
2852.25195,97.091
2850.21171,96.41
2848.17148,95.861
2846.13124,95.608
2844.091,95.641
2842.05076,95.852
2840.01053,96.153
2837.97029,96.478
2835.93005,96.756
2833.88981,96.967
2831.84958,97.145
2829.80934,97.304
2827.7691,97.437
2825.72886,97.556
2823.68863,97.648
2821.64839,97.714
2819.60815,97.789
2817.56791,97.86
2815.52768,97.908
2813.48744,97.952
2811.4472,98.005
2809.40696,98.061
2807.36673,98.101
2805.32649,98.121
2803.28625,98.142
2801.24601,98.169
2799.20578,98.186
2797.16554,98.195
2795.1253,98.221
2793.08506,98.255
2791.04483,98.267
2789.00459,98.277
2786.96435,98.3
2784.92411,98.323
2782.88388,98.335
2780.84364,98.342
2778.8034,98.35
2776.76316,98.356
2774.72293,98.371
2772.68269,98.385
2770.64245,98.392
2768.60221,98.417
2766.56198,98.46
2764.52174,98.48
2762.4815,98.476
2760.44126,98.48
2758.40103,98.485
2756.36079,98.48
2754.32055,98.48
2752.28032,98.48
2750.24008,98.483
2748.19984,98.492
2746.1596,98.498
2744.11937,98.51
2742.07913,98.526
2740.03889,98.538
2737.99865,98.533
2735.95842,98.522
2733.91818,98.528
2731.87794,98.548
2729.8377,98.564
2727.79747,98.562
2725.75723,98.549
2723.71699,98.559
2721.67675,98.58
2719.63652,98.583
2717.59628,98.573
2715.55604,98.557
2713.5158,98.539
2711.47557,98.53
2709.43533,98.534
2707.39509,98.545
2705.35485,98.559
2703.31462,98.573
2701.27438,98.584
2699.23414,98.594
2697.1939,98.606
2695.15367,98.601
2693.11343,98.584
2691.07319,98.582
2689.03295,98.593
2686.99272,98.597
2684.95248,98.586
2682.91224,98.566
2680.872,98.552
2678.83177,98.564
2676.79153,98.592
2674.75129,98.607
2672.71105,98.603
2670.67082,98.597
2668.63058,98.601
2666.59034,98.599
2664.5501,98.585
2662.50987,98.579
2660.46963,98.589
2658.42939,98.606
2656.38916,98.607
2654.34892,98.579
2652.30868,98.55
2650.26844,98.555
2648.22821,98.58
2646.18797,98.599
2644.14773,98.617
2642.10749,98.622
2640.06726,98.607
2638.02702,98.595
2635.98678,98.591
2633.94654,98.598
2631.90631,98.62
2629.86607,98.642
2627.82583,98.642
2625.78559,98.617
2623.74536,98.598
2621.70512,98.606
2619.66488,98.627
2617.62464,98.639
2615.58441,98.634
2613.54417,98.628
2611.50393,98.623
2609.46369,98.605
2607.42346,98.59
2605.38322,98.594
2603.34298,98.61
2601.30274,98.627
2599.26251,98.633
2597.22227,98.627
2595.18203,98.621
2593.14179,98.617
2591.10156,98.615
2589.06132,98.625
2587.02108,98.638
2584.98084,98.642
2582.94061,98.647
2580.90037,98.657
2578.86013,98.656
2576.81989,98.637
2574.77966,98.615
2572.73942,98.61
2570.69918,98.618
2568.65894,98.629
2566.61871,98.645
2564.57847,98.654
2562.53823,98.653
2560.498,98.645
2558.45776,98.632
2556.41752,98.626
2554.37728,98.631
2552.33705,98.642
2550.29681,98.647
2548.25657,98.638
2546.21633,98.627
2544.1761,98.621
2542.13586,98.622
2540.09562,98.623
2538.05538,98.613
2536.01515,98.6
2533.97491,98.603
2531.93467,98.626
2529.89443,98.64
2527.8542,98.637
2525.81396,98.637
2523.77372,98.639
2521.73348,98.647
2519.69325,98.664
2517.65301,98.674
2515.61277,98.666
2513.57253,98.655
2511.5323,98.646
2509.49206,98.634
2507.45182,98.627
2505.41158,98.63
2503.37135,98.635
2501.33111,98.64
2499.29087,98.64
2497.25063,98.634
2495.2104,98.641
2493.17016,98.657
2491.12992,98.654
2489.08968,98.647
2487.04945,98.651
2485.00921,98.65
2482.96897,98.646
2480.92873,98.647
2478.8885,98.646
2476.84826,98.641
2474.80802,98.632
2472.76778,98.626
2470.72755,98.633
2468.68731,98.645
2466.64707,98.648
2464.60684,98.641
2462.5666,98.641
2460.52636,98.646
2458.48612,98.65
2456.44589,98.662
2454.40565,98.671
2452.36541,98.658
2450.32517,98.638
2448.28494,98.629
2446.2447,98.637
2444.20446,98.656
2442.16422,98.656
2440.12399,98.646
2438.08375,98.651
2436.04351,98.657
2434.00327,98.654
2431.96304,98.641
2429.9228,98.626
2427.88256,98.624
2425.84232,98.627
2423.80209,98.632
2421.76185,98.646
2419.72161,98.661
2417.68137,98.66
2415.64114,98.654
2413.6009,98.657
2411.56066,98.667
2409.52042,98.674
2407.48019,98.671
2405.43995,98.659
2403.39971,98.642
2401.35947,98.63
2399.31924,98.629
2397.279,98.635
2395.23876,98.635
2393.19852,98.621
2391.15829,98.612
2389.11805,98.626
2387.07781,98.652
2385.03757,98.67
2382.99734,98.659
2380.9571,98.62
2378.91686,98.579
2376.87662,98.559
2374.83639,98.565
2372.79615,98.594
2370.75591,98.636
2368.71568,98.677
2366.67544,98.707
2364.6352,98.725
2362.59496,98.737
2360.55473,98.725
2358.51449,98.667
2356.47425,98.602
2354.43401,98.612
2352.39378,98.72
2350.35354,98.819
2348.3133,98.785
2346.27306,98.64
2344.23283,98.548
2342.19259,98.591
2340.15235,98.675
2338.11211,98.723
2336.07188,98.731
2334.03164,98.71
2331.9914,98.672
2329.95116,98.641
2327.91093,98.63
2325.87069,98.63
2323.83045,98.616
2321.79021,98.565
2319.74998,98.507
2317.70974,98.487
2315.6695,98.507
2313.62926,98.533
2311.58903,98.545
2309.54879,98.546
2307.50855,98.553
2305.46831,98.569
2303.42808,98.578
2301.38784,98.578
2299.3476,98.579
2297.30736,98.585
2295.26713,98.594
2293.22689,98.606
2291.18665,98.607
2289.14641,98.596
2287.10618,98.603
2285.06594,98.635
2283.0257,98.663
2280.98546,98.666
2278.94523,98.646
2276.90499,98.618
2274.86475,98.6
2272.82452,98.6
2270.78428,98.614
2268.74404,98.626
2266.7038,98.637
2264.66357,98.658
2262.62333,98.668
2260.58309,98.653
2258.54285,98.63
2256.50262,98.626
2254.46238,98.638
2252.42214,98.637
2250.3819,98.623
2248.34167,98.609
2246.30143,98.593
2244.26119,98.583
2242.22095,98.589
2240.18072,98.61
2238.14048,98.623
2236.10024,98.623
2234.06,98.635
2232.01977,98.65
2229.97953,98.641
2227.93929,98.621
2225.89905,98.615
2223.85882,98.616
2221.81858,98.616
2219.77834,98.611
2217.7381,98.6
2215.69787,98.599
2213.65763,98.616
2211.61739,98.624
2209.57715,98.61
2207.53692,98.6
2205.49668,98.6
2203.45644,98.596
2201.4162,98.595
2199.37597,98.602
2197.33573,98.597
2195.29549,98.584
2193.25525,98.589
2191.21502,98.614
2189.17478,98.639
2187.13454,98.643
2185.0943,98.631
2183.05407,98.624
2181.01383,98.633
2178.97359,98.644
2176.93336,98.642
2174.89312,98.624
2172.85288,98.609
2170.81264,98.611
2168.77241,98.621
2166.73217,98.614
2164.69193,98.593
2162.65169,98.593
2160.61146,98.614
2158.57122,98.618
2156.53098,98.611
2154.49074,98.615
2152.45051,98.618
2150.41027,98.614
2148.37003,98.604
2146.32979,98.59
2144.28956,98.578
2142.24932,98.568
2140.20908,98.563
2138.16884,98.565
2136.12861,98.582
2134.08837,98.602
2132.04813,98.606
2130.00789,98.612
2127.96766,98.622
2125.92742,98.613
2123.88718,98.605
2121.84694,98.611
2119.80671,98.604
2117.76647,98.59
2115.72623,98.601
2113.68599,98.618
2111.64576,98.609
2109.60552,98.592
2107.56528,98.583
2105.52504,98.573
2103.48481,98.567
2101.44457,98.576
2099.40433,98.594
2097.36409,98.604
2095.32386,98.601
2093.28362,98.594
2091.24338,98.584
2089.20315,98.566
2087.16291,98.557
2085.12267,98.567
2083.08243,98.581
2081.0422,98.583
2079.00196,98.591
2076.96172,98.617
2074.92148,98.626
2072.88125,98.609
2070.84101,98.592
2068.80077,98.584
2066.76053,98.576
2064.7203,98.56
2062.68006,98.546
2060.63982,98.547
2058.59958,98.563
2056.55935,98.586
2054.51911,98.591
2052.47887,98.584
2050.43863,98.587
2048.3984,98.589
2046.35816,98.58
2044.31792,98.568
2042.27768,98.561
2040.23745,98.565
2038.19721,98.569
2036.15697,98.569
2034.11673,98.576
2032.0765,98.58
2030.03626,98.58
2027.99602,98.581
2025.95578,98.584
2023.91555,98.584
2021.87531,98.574
2019.83507,98.553
2017.79483,98.533
2015.7546,98.538
2013.71436,98.564
2011.67412,98.586
2009.63388,98.599
2007.59365,98.607
2005.55341,98.607
2003.51317,98.597
2001.47293,98.584
1999.4327,98.578
1997.39246,98.572
1995.35222,98.552
1993.31199,98.518
1991.27175,98.493
1989.23151,98.493
1987.19127,98.516
1985.15104,98.541
1983.1108,98.543
1981.07056,98.536
1979.03032,98.543
1976.99009,98.561
1974.94985,98.572
1972.90961,98.577
1970.86937,98.572
1968.82914,98.545
1966.7889,98.528
1964.74866,98.551
1962.70842,98.577
1960.66819,98.577
1958.62795,98.557
1956.58771,98.533
1954.54747,98.521
1952.50724,98.527
1950.467,98.529
1948.42676,98.513
1946.38652,98.495
1944.34629,98.482
1942.30605,98.483
1940.26581,98.512
1938.22557,98.536
1936.18534,98.524
1934.1451,98.507
1932.10486,98.512
1930.06462,98.526
1928.02439,98.529
1925.98415,98.511
1923.94391,98.479
1921.90367,98.473
1919.86344,98.491
1917.8232,98.488
1915.78296,98.481
1913.74272,98.498
1911.70249,98.511
1909.66225,98.497
1907.62201,98.482
1905.58177,98.488
1903.54154,98.501
1901.5013,98.505
1899.46106,98.501
1897.42083,98.492
1895.38059,98.482
1893.34035,98.481
1891.30011,98.483
1889.25988,98.478
1887.21964,98.482
1885.1794,98.5
1883.13916,98.519
1881.09893,98.522
1879.05869,98.508
1877.01845,98.503
1874.97821,98.519
1872.93798,98.519
1870.89774,98.475
1868.8575,98.413
1866.81726,98.4
1864.77703,98.44
1862.73679,98.483
1860.69655,98.499
1858.65631,98.491
1856.61608,98.479
1854.57584,98.47
1852.5356,98.467
1850.49536,98.464
1848.45513,98.453
1846.41489,98.432
1844.37465,98.417
1842.33441,98.429
1840.29418,98.459
1838.25394,98.479
1836.2137,98.49
1834.17346,98.493
1832.13323,98.466
1830.09299,98.422
1828.05275,98.401
1826.01251,98.408
1823.97228,98.43
1821.93204,98.459
1819.8918,98.474
1817.85156,98.469
1815.81133,98.46
1813.77109,98.441
1811.73085,98.413
1809.69061,98.406
1807.65038,98.425
1805.61014,98.437
1803.5699,98.407
1801.52967,98.357
1799.48943,98.346
1797.44919,98.371
1795.40895,98.38
1793.36872,98.353
1791.32848,98.334
1789.28824,98.359
1787.248,98.39
1785.20777,98.399
1783.16753,98.401
1781.12729,98.391
1779.08705,98.372
1777.04682,98.366
1775.00658,98.357
1772.96634,98.327
1770.9261,98.309
1768.88587,98.341
1766.84563,98.392
1764.80539,98.412
1762.76515,98.402
1760.72492,98.39
1758.68468,98.377
1756.64444,98.364
1754.6042,98.361
1752.56397,98.334
1750.52373,98.271
1748.48349,98.232
1746.44325,98.241
1744.40302,98.272
1742.36278,98.312
1740.32254,98.347
1738.2823,98.358
1736.24207,98.343
1734.20183,98.304
1732.16159,98.281
1730.12135,98.302
1728.08112,98.352
1726.04088,98.403
1724.00064,98.434
1721.9604,98.438
1719.92017,98.376
1717.87993,98.251
1715.83969,98.199
1713.79945,98.271
1711.75922,98.348
1709.71898,98.374
1707.67874,98.364
1705.63851,98.333
1703.59827,98.291
1701.55803,98.226
1699.51779,98.168
1697.47756,98.197
1695.43732,98.294
1693.39708,98.361
1691.35684,98.352
1689.31661,98.308
1687.27637,98.267
1685.23613,98.21
1683.19589,98.159
1681.15566,98.189
1679.11542,98.264
1677.07518,98.321
1675.03494,98.343
1672.99471,98.342
1670.95447,98.321
1668.91423,98.307
1666.87399,98.335
1664.83376,98.372
1662.79352,98.388
1660.75328,98.401
1658.71304,98.416
1656.67281,98.395
1654.63257,98.321
1652.59233,98.264
1650.55209,98.279
1648.51186,98.285
1646.47162,98.284
1644.43138,98.337
1642.39114,98.408
1640.35091,98.432
1638.31067,98.391
1636.27043,98.34
1634.23019,98.356
1632.18996,98.415
1630.14972,98.456
1628.10948,98.465
1626.06924,98.45
1624.02901,98.428
1621.98877,98.423
1619.94853,98.431
1617.90829,98.422
1615.86806,98.406
1613.82782,98.409
1611.78758,98.414
1609.74735,98.409
1607.70711,98.406
1605.66687,98.41
1603.62663,98.414
1601.5864,98.419
1599.54616,98.426
1597.50592,98.426
1595.46568,98.421
1593.42545,98.422
1591.38521,98.422
1589.34497,98.415
1587.30473,98.413
1585.2645,98.419
1583.22426,98.426
1581.18402,98.419
1579.14378,98.383
1577.10355,98.33
1575.06331,98.307
1573.02307,98.31
1570.98283,98.295
1568.9426,98.275
1566.90236,98.29
1564.86212,98.316
1562.82188,98.308
1560.78165,98.244
1558.74141,98.169
1556.70117,98.167
1554.66093,98.205
1552.6207,98.226
1550.58046,98.221
1548.54022,98.203
1546.49998,98.165
1544.45975,98.105
1542.41951,98.076
1540.37927,98.104
1538.33903,98.162
1536.2988,98.195
1534.25856,98.19
1532.21832,98.186
1530.17808,98.188
1528.13785,98.156
1526.09761,98.106
1524.05737,98.085
1522.01713,98.081
1519.9769,98.07
1517.93666,98.065
1515.89642,98.104
1513.85619,98.16
1511.81595,98.139
1509.77571,98.037
1507.73547,97.986
1505.69524,98.102
1503.655,98.239
1501.61476,98.278
1499.57452,98.258
1497.53429,98.265
1495.49405,98.327
1493.45381,98.356
1491.41357,98.284
1489.37334,98.213
1487.3331,98.273
1485.29286,98.399
1483.25262,98.49
1481.21239,98.535
1479.17215,98.529
1477.13191,98.362
1475.09167,97.9
1473.05144,97.291
1471.0112,96.981
1468.97096,97.037
1466.93072,97.124
1464.89049,97.045
1462.85025,96.907
1460.81001,96.899
1458.76977,97.062
1456.72954,97.332
1454.6893,97.587
1452.64906,97.748
1450.60882,97.83
1448.56859,97.876
1446.52835,97.933
1444.48811,98.005
1442.44787,98.062
1440.40764,98.082
1438.3674,98.077
1436.32716,98.097
1434.28692,98.169
1432.24669,98.232
1430.20645,98.254
1428.16621,98.251
1426.12597,98.234
1424.08574,98.218
1422.0455,98.204
1420.00526,98.155
1417.96503,98.113
1415.92479,98.144
1413.88455,98.194
1411.84431,98.231
1409.80408,98.272
1407.76384,98.287
1405.7236,98.264
1403.68336,98.25
1401.64313,98.227
1399.60289,98.154
1397.56265,98.09
1395.52241,98.101
1393.48218,98.17
1391.44194,98.236
1389.4017,98.258
1387.36146,98.264
1385.32123,98.305
1383.28099,98.344
1381.24075,98.328
1379.20051,98.286
1377.16028,98.251
1375.12004,98.23
1373.0798,98.249
1371.03956,98.311
1368.99933,98.373
1366.95909,98.403
1364.91885,98.37
1362.87861,98.319
1360.83838,98.343
1358.79814,98.405
1356.7579,98.427
1354.71766,98.416
1352.67743,98.41
1350.63719,98.42
1348.59695,98.439
1346.55671,98.457
1344.51648,98.454
1342.47624,98.408
1340.436,98.336
1338.39576,98.316
1336.35553,98.379
1334.31529,98.459
1332.27505,98.508
1330.23481,98.527
1328.19458,98.524
1326.15434,98.517
1324.1141,98.521
1322.07387,98.522
1320.03363,98.508
1317.99339,98.493
1315.95315,98.492
1313.91292,98.506
1311.87268,98.527
1309.83244,98.539
1307.7922,98.532
1305.75197,98.507
1303.71173,98.47
1301.67149,98.437
1299.63125,98.403
1297.59102,98.361
1295.55078,98.333
1293.51054,98.324
1291.4703,98.316
1289.43007,98.316
1287.38983,98.333
1285.34959,98.349
1283.30935,98.351
1281.26912,98.356
1279.22888,98.377
1277.18864,98.39
1275.1484,98.372
1273.10817,98.337
1271.06793,98.314
1269.02769,98.311
1266.98745,98.309
1264.94722,98.295
1262.90698,98.289
1260.86674,98.292
1258.8265,98.299
1256.78627,98.302
1254.74603,98.304
1252.70579,98.308
1250.66555,98.309
1248.62532,98.303
1246.58508,98.299
1244.54484,98.293
1242.5046,98.286
1240.46437,98.286
1238.42413,98.28
1236.38389,98.257
1234.34366,98.227
1232.30342,98.206
1230.26318,98.21
1228.22294,98.223
1226.18271,98.219
1224.14247,98.195
1222.10223,98.173
1220.06199,98.17
1218.02176,98.169
1215.98152,98.137
1213.94128,98.108
1211.90104,98.135
1209.86081,98.185
1207.82057,98.206
1205.78033,98.209
1203.74009,98.226
1201.69986,98.237
1199.65962,98.22
1197.61938,98.194
1195.57914,98.174
1193.53891,98.152
1191.49867,98.123
1189.45843,98.1
1187.41819,98.106
1185.37796,98.135
1183.33772,98.166
1181.29748,98.191
1179.25724,98.215
1177.21701,98.249
1175.17677,98.309
1173.13653,98.391
1171.09629,98.49
1169.05606,98.61
1167.01582,98.734
1164.97558,98.83
1162.93534,98.886
1160.89511,98.91
1158.85487,98.914
1156.81463,98.886
1154.77439,98.822
1152.73416,98.756
1150.69392,98.708
1148.65368,98.665
1146.61344,98.613
1144.57321,98.572
1142.53297,98.552
1140.49273,98.532
1138.4525,98.507
1136.41226,98.498
1134.37202,98.518
1132.33178,98.564
1130.29155,98.623
1128.25131,98.697
1126.21107,98.783
1124.17083,98.864
1122.1306,98.941
1120.09036,99.008
1118.05012,99.079
1116.00988,99.185
1113.96965,99.301
1111.92941,99.379
1109.88917,99.421
1107.84893,99.446
1105.8087,99.457
1103.76846,99.441
1101.72822,99.406
1099.68798,99.386
1097.64775,99.397
1095.60751,99.405
1093.56727,99.381
1091.52703,99.353
1089.4868,99.339
1087.44656,99.318
1085.40632,99.291
1083.36608,99.305
1081.32585,99.363
1079.28561,99.44
1077.24537,99.537
1075.20513,99.645
1073.1649,99.741
1071.12466,99.818
1069.08442,99.9
1067.04418,100.009
1065.00395,100.149
1062.96371,100.296
1060.92347,100.42
1058.88323,100.512
1056.843,100.573
1054.80276,100.608
1052.76252,100.627
1050.72228,100.623
1048.68205,100.593
1046.64181,100.572
1044.60157,100.569
1042.56134,100.566
1040.5211,100.582
1038.48086,100.646
1036.44062,100.737
1034.40039,100.81
1032.36015,100.852
1030.31991,100.875
1028.27967,100.883
1026.23944,100.872
1024.1992,100.845
1022.15896,100.815
1020.11872,100.778
1018.07849,100.716
1016.03825,100.639
1013.99801,100.579
1011.95777,100.546
1009.91754,100.515
1007.8773,100.47
1005.83706,100.421
1003.79682,100.388
1001.75659,100.389
999.71635,100.408
997.67611,100.424
995.63587,100.43
993.59564,100.418
991.5554,100.39
989.51516,100.357
987.47492,100.319
985.43469,100.279
983.39445,100.233
981.35421,100.141
979.31397,100.019
977.27374,99.943
975.2335,99.902
973.19326,99.852
971.15302,99.806
969.11279,99.773
967.07255,99.737
965.03231,99.685
962.99207,99.604
960.95184,99.524
958.9116,99.468
956.87136,99.408
954.83112,99.332
952.79089,99.253
950.75065,99.19
948.71041,99.133
946.67018,99.069
944.62994,99.037
942.5897,99.051
940.54946,99.047
938.50923,98.983
936.46899,98.902
934.42875,98.86
932.38851,98.853
930.34828,98.858
928.30804,98.861
926.2678,98.843
924.22756,98.81
922.18733,98.774
920.14709,98.729
918.10685,98.682
916.06661,98.678
914.02638,98.708
911.98614,98.702
909.9459,98.667
907.90566,98.668
905.86543,98.705
903.82519,98.734
901.78495,98.75
899.74471,98.776
897.70448,98.798
895.66424,98.806
893.624,98.808
891.58376,98.808
889.54353,98.806
887.50329,98.781
885.46305,98.724
883.42281,98.668
881.38258,98.628
879.34234,98.568
877.3021,98.477
875.26186,98.424
873.22163,98.44
871.18139,98.465
869.14115,98.469
867.10091,98.464
865.06068,98.438
863.02044,98.414
860.9802,98.432
858.93996,98.44
856.89973,98.402
854.85949,98.369
852.81925,98.362
850.77902,98.359
848.73878,98.357
846.69854,98.343
844.6583,98.332
842.61807,98.342
840.57783,98.324
838.53759,98.283
836.49735,98.281
834.45712,98.309
832.41688,98.348
830.37664,98.359
828.3364,98.296
826.29617,98.234
824.25593,98.244
822.21569,98.297
820.17545,98.357
818.13522,98.405
816.09498,98.405
814.05474,98.34
812.0145,98.292
809.97427,98.32
807.93403,98.36
805.89379,98.419
803.85355,98.462
801.81332,98.391
799.77308,98.304
797.73284,98.28
795.6926,98.259
793.65237,98.24
791.61213,98.263
789.57189,98.302
787.53165,98.321
785.49142,98.313
783.45118,98.274
781.41094,98.234
779.3707,98.228
777.33047,98.23
775.29023,98.244
773.24999,98.312
771.20975,98.382
769.16952,98.389
767.12928,98.349
765.08904,98.306
763.0488,98.295
761.00857,98.304
758.96833,98.295
756.92809,98.252
754.88786,98.208
752.84762,98.238
750.80738,98.332
748.76714,98.365
746.72691,98.326
744.68667,98.339
742.64643,98.422
740.60619,98.481
738.56596,98.481
736.52572,98.475
734.48548,98.442
732.44524,98.197
730.40501,97.798
728.36477,97.634
726.32453,97.707
724.28429,97.698
722.24406,97.4
720.20382,96.856
718.16358,96.424
716.12334,96.422
714.08311,96.741
712.04287,97.093
710.00263,97.354
707.96239,97.551
705.92216,97.709
703.88192,97.831
701.84168,97.911
699.80144,97.961
697.76121,98.029
695.72097,98.112
693.68073,98.147
691.64049,98.121
689.60026,98.082
687.56002,98.099
685.51978,98.203
683.47954,98.33
681.43931,98.411
679.39907,98.477
677.35883,98.59
675.31859,98.68
673.27836,98.628
671.23812,98.419
669.19788,98.273
667.15764,98.514
665.11741,98.896
663.07717,98.996
661.03693,98.861
658.9967,98.747
656.95646,98.726
654.91622,98.714
652.87598,98.729
650.83575,98.832
648.79551,98.892
646.75527,98.796
644.71503,98.659
642.6748,98.553
640.63456,98.471
638.59432,98.492
636.55408,98.623
634.51385,98.687
632.47361,98.643
630.43337,98.634
628.39313,98.7
626.3529,98.777
624.31266,98.818
622.27242,98.81
620.23218,98.76
618.19195,98.713
616.15171,98.702
614.11147,98.685
612.07123,98.775
610.031,98.981
607.99076,99.04
605.95052,98.91
603.91028,98.791
601.87005,98.697
599.82981,98.711