TITLE SAMPLE NAME:,Polyethylene Terephthalate (PET)
DATA TYPE:,Infrared Spectrum
MEASUREMENT INFORMATION:,FTIR Spectrophotometer
MODEL NAME:,FTIR
SERIAL No:,
ACCESSORY:,ATR
LIGHT SOURCE:,
RESOLUTION:,4 cm-1
XUNITS/ HORIZONTAL AXIS:,Wavenumber [cm-1]
YUNITS/ VERTICAL AXIS:,Absorbance
FIRSTX:,3996.86747
FIRSTY:,0.00848
LASTX:,599.83616
LASTY:,0.01016
NPOINTS:,1681
3996.86747,0.00848
3994.82721,0.00877
3992.78695,0.00900
3990.74670,0.00901
3988.70644,0.00872
3986.66618,0.00834
3984.62592,0.00829
3982.58566,0.00857
3980.54540,0.00867
3978.50514,0.00862
3976.46488,0.00884
3974.42462,0.00917
3972.38436,0.00927
3970.34411,0.00908
3968.30385,0.00865
3966.26359,0.00836
3964.22333,0.00864
3962.18307,0.00918
3960.14281,0.00931
3958.10255,0.00912
3956.06229,0.00902
3954.02203,0.00921
3951.98177,0.00995
3949.94151,0.01108
3947.90126,0.01146
3945.86100,0.01110
3943.82074,0.01120
3941.78048,0.01094
3939.74022,0.00982
3937.69996,0.00916
3935.65970,0.00965
3933.61944,0.01120
3931.57918,0.01245
3929.53892,0.01192
3927.49867,0.01113
3925.45841,0.01151
3923.41815,0.01187
3921.37789,0.01171
3919.33763,0.01218
3917.29737,0.01260
3915.25711,0.01135
3913.21685,0.00939
3911.17659,0.00842
3909.13633,0.00895
3907.09607,0.01146
3905.05582,0.01554
3903.01556,0.01838
3900.97530,0.01818
3898.93504,0.01589
3896.89478,0.01307
3894.85452,0.01204
3892.81426,0.01323
3890.77400,0.01374
3888.73374,0.01297
3886.69348,0.01382
3884.65323,0.01542
3882.61297,0.01595
3880.57271,0.01551
3878.53245,0.01352
3876.49219,0.01261
3874.45193,0.01438
3872.41167,0.01689
3870.37141,0.01818
3868.33115,0.01734
3866.29089,0.01662
3864.25063,0.01702
3862.21038,0.01566
3860.17012,0.01347
3858.12986,0.01363
3856.08960,0.01692
3854.04934,0.02213
3852.00908,0.02183
3849.96882,0.01616
3847.92856,0.01231
3845.88830,0.01187
3843.84804,0.01405
3841.80779,0.01730
3839.76753,0.02027
3837.72727,0.02084
3835.68701,0.01850
3833.64675,0.01602
3831.60649,0.01431
3829.56623,0.01325
3827.52597,0.01316
3825.48571,0.01380
3823.44545,0.01581
3821.40519,0.01918
3819.36494,0.01982
3817.32468,0.01792
3815.28442,0.01513
3813.24416,0.01172
3811.20390,0.01008
3809.16364,0.01128
3807.12338,0.01380
3805.08312,0.01546
3803.04286,0.01745
3801.00260,0.01888
3798.96235,0.01729
3796.92209,0.01477
3794.88183,0.01198
3792.84157,0.00957
3790.80131,0.00854
3788.76105,0.00873
3786.72079,0.00977
3784.68053,0.01068
3782.64027,0.01093
3780.60001,0.01150
3778.55975,0.01147
3776.51950,0.01001
3774.47924,0.00922
3772.43898,0.01048
3770.39872,0.01285
3768.35846,0.01395
3766.31820,0.01343
3764.27794,0.01230
3762.23768,0.01211
3760.19742,0.01400
3758.15716,0.01563
3756.11691,0.01568
3754.07665,0.01732
3752.03639,0.02188
3749.99613,0.02456
3747.95587,0.02302
3745.91561,0.02200
3743.87535,0.02108
3741.83509,0.01878
3739.79483,0.01813
3737.75457,0.02078
3735.71431,0.02472
3733.67406,0.02399
3731.63380,0.01877
3729.59354,0.01505
3727.55328,0.01480
3725.51302,0.01624
3723.47276,0.01668
3721.43250,0.01550
3719.39224,0.01355
3717.35198,0.01219
3715.31172,0.01292
3713.27147,0.01638
3711.23121,0.01941
3709.19095,0.01716
3707.15069,0.01310
3705.11043,0.01127
3703.07017,0.01175
3701.02991,0.01200
3698.98965,0.01075
3696.94939,0.00989
3694.90913,0.01055
3692.86887,0.01328
3690.82862,0.01755
3688.78836,0.01867
3686.74810,0.01475
3684.70784,0.01115
3682.66758,0.01008
3680.62732,0.01146
3678.58706,0.01495
3676.54680,0.01964
3674.50654,0.02095
3672.46628,0.01904
3670.42603,0.01832
3668.38577,0.01577
3666.34551,0.01144
3664.30525,0.00883
3662.26499,0.00812
3660.22473,0.00867
3658.18447,0.01028
3656.14421,0.01192
3654.10395,0.01302
3652.06369,0.01641
3650.02343,0.02279
3647.98318,0.02389
3645.94292,0.01768
3643.90266,0.01268
3641.86240,0.01070
3639.82214,0.01012
3637.78188,0.01002
3635.74162,0.01063
3633.70136,0.01208
3631.66110,0.01469
3629.62084,0.01832
3627.58059,0.01800
3625.54033,0.01378
3623.50007,0.01186
3621.45981,0.01361
3619.41955,0.01666
3617.37929,0.01733
3615.33903,0.01686
3613.29877,0.01679
3611.25851,0.01629
3609.21825,0.01579
3607.17799,0.01456
3605.13774,0.01233
3603.09748,0.01148
3601.05722,0.01228
3599.01696,0.01296
3596.97670,0.01332
3594.93644,0.01346
3592.89618,0.01262
3590.85592,0.01260
3588.81566,0.01515
3586.77540,0.01656
3584.73515,0.01369
3582.69489,0.01077
3580.65463,0.00985
3578.61437,0.00986
3576.57411,0.00977
3574.53385,0.00948
3572.49359,0.00955
3570.45333,0.01143
3568.41307,0.01578
3566.37281,0.01841
3564.33255,0.01568
3562.29230,0.01223
3560.25204,0.01046
3558.21178,0.00945
3556.17152,0.00913
3554.13126,0.00989
3552.09100,0.01061
3550.05074,0.01071
3548.01048,0.01168
3545.97022,0.01297
3543.92996,0.01211
3541.88971,0.00989
3539.84945,0.00867
3537.80919,0.00878
3535.76893,0.00888
3533.72867,0.00855
3531.68841,0.00892
3529.64815,0.01025
3527.60789,0.01143
3525.56763,0.01184
3523.52737,0.01139
3521.48711,0.01009
3519.44686,0.00885
3517.40660,0.00826
3515.36634,0.00802
3513.32608,0.00828
3511.28582,0.00914
3509.24556,0.00963
3507.20530,0.00945
3505.16504,0.00986
3503.12478,0.01059
3501.08452,0.01006
3499.04427,0.00893
3497.00401,0.00848
3494.96375,0.00838
3492.92349,0.00814
3490.88323,0.00806
3488.84297,0.00828
3486.80271,0.00845
3484.76245,0.00864
3482.72219,0.00897
3480.68193,0.00882
3478.64167,0.00819
3476.60142,0.00795
3474.56116,0.00807
3472.52090,0.00800
3470.48064,0.00786
3468.44038,0.00785
3466.40012,0.00787
3464.35986,0.00797
3462.31960,0.00817
3460.27934,0.00807
3458.23908,0.00770
3456.19883,0.00743
3454.15857,0.00734
3452.11831,0.00737
3450.07805,0.00782
3448.03779,0.00869
3445.99753,0.00904
3443.95727,0.00860
3441.91701,0.00806
3439.87675,0.00762
3437.83649,0.00731
3435.79623,0.00726
3433.75598,0.00746
3431.71572,0.00763
3429.67546,0.00762
3427.63520,0.00757
3425.59494,0.00763
3423.55468,0.00800
3421.51442,0.00845
3419.47416,0.00836
3417.43390,0.00777
3415.39364,0.00733
3413.35339,0.00719
3411.31313,0.00721
3409.27287,0.00736
3407.23261,0.00748
3405.19235,0.00747
3403.15209,0.00750
3401.11183,0.00763
3399.07157,0.00778
3397.03131,0.00787
3394.99105,0.00792
3392.95079,0.00791
3390.91054,0.00774
3388.87028,0.00753
3386.83002,0.00753
3384.78976,0.00761
3382.74950,0.00749
3380.70924,0.00733
3378.66898,0.00729
3376.62872,0.00725
3374.58846,0.00724
3372.54820,0.00731
3370.50795,0.00744
3368.46769,0.00768
3366.42743,0.00790
3364.38717,0.00787
3362.34691,0.00768
3360.30665,0.00746
3358.26639,0.00738
3356.22613,0.00745
3354.18587,0.00745
3352.14561,0.00735
3350.10535,0.00724
3348.06510,0.00715
3346.02484,0.00709
3343.98458,0.00709
3341.94432,0.00713
3339.90406,0.00717
3337.86380,0.00731
3335.82354,0.00748
3333.78328,0.00749
3331.74302,0.00735
3329.70276,0.00729
3327.66251,0.00730
3325.62225,0.00726
3323.58199,0.00722
3321.54173,0.00723
3319.50147,0.00717
3317.46121,0.00710
3315.42095,0.00712
3313.38069,0.00724
3311.34043,0.00734
3309.30017,0.00742
3307.25991,0.00743
3305.21966,0.00730
3303.17940,0.00718
3301.13914,0.00714
3299.09888,0.00709
3297.05862,0.00711
3295.01836,0.00731
3292.97810,0.00749
3290.93784,0.00744
3288.89758,0.00731
3286.85732,0.00727
3284.81707,0.00735
3282.77681,0.00740
3280.73655,0.00734
3278.69629,0.00736
3276.65603,0.00754
3274.61577,0.00768
3272.57551,0.00756
3270.53525,0.00726
3268.49499,0.00706
3266.45473,0.00701
3264.41447,0.00705
3262.37422,0.00714
3260.33396,0.00729
3258.29370,0.00747
3256.25344,0.00757
3254.21318,0.00746
3252.17292,0.00726
3250.13266,0.00713
3248.09240,0.00713
3246.05214,0.00729
3244.01188,0.00741
3241.97163,0.00738
3239.93137,0.00731
3237.89111,0.00729
3235.85085,0.00725
3233.81059,0.00715
3231.77033,0.00709
3229.73007,0.00714
3227.68981,0.00717
3225.64955,0.00707
3223.60929,0.00703
3221.56903,0.00713
3219.52878,0.00723
3217.48852,0.00728
3215.44826,0.00740
3213.40800,0.00748
3211.36774,0.00741
3209.32748,0.00725
3207.28722,0.00700
3205.24696,0.00682
3203.20670,0.00683
3201.16644,0.00695
3199.12619,0.00709
3197.08593,0.00716
3195.04567,0.00699
3193.00541,0.00679
3190.96515,0.00679
3188.92489,0.00694
3186.88463,0.00708
3184.84437,0.00702
3182.80411,0.00683
3180.76385,0.00682
3178.72359,0.00696
3176.68334,0.00701
3174.64308,0.00689
3172.60282,0.00675
3170.56256,0.00669
3168.52230,0.00670
3166.48204,0.00678
3164.44178,0.00684
3162.40152,0.00683
3160.36126,0.00682
3158.32100,0.00678
3156.28075,0.00671
3154.24049,0.00672
3152.20023,0.00683
3150.15997,0.00689
3148.11971,0.00685
3146.07945,0.00677
3144.03919,0.00670
3141.99893,0.00665
3139.95867,0.00665
3137.91841,0.00669
3135.87815,0.00682
3133.83790,0.00703
3131.79764,0.00711
3129.75738,0.00702
3127.71712,0.00698
3125.67686,0.00707
3123.63660,0.00722
3121.59634,0.00729
3119.55608,0.00731
3117.51582,0.00737
3115.47556,0.00735
3113.43531,0.00717
3111.39505,0.00701
3109.35479,0.00701
3107.31453,0.00714
3105.27427,0.00728
3103.23401,0.00744
3101.19375,0.00752
3099.15349,0.00744
3097.11323,0.00736
3095.07297,0.00727
3093.03272,0.00710
3090.99246,0.00698
3088.95220,0.00697
3086.91194,0.00699
3084.87168,0.00699
3082.83142,0.00709
3080.79116,0.00725
3078.75090,0.00718
3076.71064,0.00691
3074.67038,0.00674
3072.63012,0.00670
3070.58987,0.00679
3068.54961,0.00705
3066.50935,0.00731
3064.46909,0.00733
3062.42883,0.00716
3060.38857,0.00704
3058.34831,0.00708
3056.30805,0.00715
3054.26779,0.00707
3052.22753,0.00698
3050.18728,0.00701
3048.14702,0.00703
3046.10676,0.00701
3044.06650,0.00699
3042.02624,0.00687
3039.98598,0.00672
3037.94572,0.00669
3035.90546,0.00680
3033.86520,0.00698
3031.82494,0.00704
3029.78468,0.00683
3027.74443,0.00662
3025.70417,0.00658
3023.66391,0.00653
3021.62365,0.00639
3019.58339,0.00628
3017.54313,0.00626
3015.50287,0.00627
3013.46261,0.00626
3011.42235,0.00612
3009.38209,0.00585
3007.34184,0.00566
3005.30158,0.00559
3003.26132,0.00549
3001.22106,0.00531
2999.18080,0.00514
2997.14054,0.00508
2995.10028,0.00511
2993.06002,0.00505
2991.01976,0.00485
2988.97950,0.00469
2986.93924,0.00463
2984.89899,0.00461
2982.85873,0.00467
2980.81847,0.00476
2978.77821,0.00482
2976.73795,0.00486
2974.69769,0.00484
2972.65743,0.00478
2970.61717,0.00477
2968.57691,0.00484
2966.53665,0.00493
2964.49640,0.00498
2962.45614,0.00496
2960.41588,0.00493
2958.37562,0.00499
2956.33536,0.00514
2954.29510,0.00521
2952.25484,0.00517
2950.21458,0.00519
2948.17432,0.00526
2946.13406,0.00527
2944.09380,0.00526
2942.05355,0.00531
2940.01329,0.00538
2937.97303,0.00544
2935.93277,0.00554
2933.89251,0.00569
2931.85225,0.00578
2929.81199,0.00581
2927.77173,0.00580
2925.73147,0.00576
2923.69121,0.00569
2921.65096,0.00555
2919.61070,0.00537
2917.57044,0.00524
2915.53018,0.00516
2913.48992,0.00514
2911.44966,0.00519
2909.40940,0.00524
2907.36914,0.00523
2905.32888,0.00516
2903.28862,0.00508
2901.24836,0.00506
2899.20811,0.00512
2897.16785,0.00521
2895.12759,0.00524
2893.08733,0.00529
2891.04707,0.00534
2889.00681,0.00535
2886.96655,0.00538
2884.92629,0.00543
2882.88603,0.00543
2880.84577,0.00543
2878.80552,0.00547
2876.76526,0.00558
2874.72500,0.00566
2872.68474,0.00565
2870.64448,0.00558
2868.60422,0.00551
2866.56396,0.00556
2864.52370,0.00572
2862.48344,0.00592
2860.44318,0.00612
2858.40292,0.00620
2856.36267,0.00618
2854.32241,0.00613
2852.28215,0.00607
2850.24189,0.00607
2848.20163,0.00620
2846.16137,0.00633
2844.12111,0.00633
2842.08085,0.00630
2840.04059,0.00631
2838.00033,0.00633
2835.96008,0.00632
2833.91982,0.00625
2831.87956,0.00617
2829.83930,0.00619
2827.79904,0.00627
2825.75878,0.00633
2823.71852,0.00644
2821.67826,0.00658
2819.63800,0.00659
2817.59774,0.00649
2815.55748,0.00641
2813.51723,0.00639
2811.47697,0.00638
2809.43671,0.00638
2807.39645,0.00633
2805.35619,0.00632
2803.31593,0.00635
2801.27567,0.00642
2799.23541,0.00651
2797.19515,0.00657
2795.15489,0.00659
2793.11464,0.00655
2791.07438,0.00652
2789.03412,0.00651
2786.99386,0.00648
2784.95360,0.00643
2782.91334,0.00637
2780.87308,0.00638
2778.83282,0.00647
2776.79256,0.00656
2774.75230,0.00658
2772.71204,0.00660
2770.67179,0.00663
2768.63153,0.00662
2766.59127,0.00658
2764.55101,0.00658
2762.51075,0.00655
2760.47049,0.00650
2758.43023,0.00652
2756.38997,0.00663
2754.34971,0.00666
2752.30945,0.00660
2750.26920,0.00659
2748.22894,0.00658
2746.18868,0.00650
2744.14842,0.00643
2742.10816,0.00647
2740.06790,0.00653
2738.02764,0.00655
2735.98738,0.00656
2733.94712,0.00653
2731.90686,0.00648
2729.86660,0.00654
2727.82635,0.00660
2725.78609,0.00654
2723.74583,0.00649
2721.70557,0.00654
2719.66531,0.00658
2717.62505,0.00655
2715.58479,0.00651
2713.54453,0.00651
2711.50427,0.00651
2709.46401,0.00650
2707.42376,0.00649
2705.38350,0.00650
2703.34324,0.00649
2701.30298,0.00645
2699.26272,0.00643
2697.22246,0.00644
2695.18220,0.00648
2693.14194,0.00653
2691.10168,0.00654
2689.06142,0.00658
2687.02116,0.00668
2684.98091,0.00673
2682.94065,0.00669
2680.90039,0.00660
2678.86013,0.00650
2676.81987,0.00646
2674.77961,0.00645
2672.73935,0.00646
2670.69909,0.00652
2668.65883,0.00657
2666.61857,0.00655
2664.57832,0.00648
2662.53806,0.00650
2660.49780,0.00657
2658.45754,0.00655
2656.41728,0.00647
2654.37702,0.00644
2652.33676,0.00646
2650.29650,0.00654
2648.25624,0.00660
2646.21598,0.00652
2644.17572,0.00643
2642.13547,0.00647
2640.09521,0.00652
2638.05495,0.00650
2636.01469,0.00648
2633.97443,0.00651
2631.93417,0.00655
2629.89391,0.00655
2627.85365,0.00649
2625.81339,0.00639
2623.77313,0.00632
2621.73288,0.00630
2619.69262,0.00631
2617.65236,0.00634
2615.61210,0.00644
2613.57184,0.00653
2611.53158,0.00649
2609.49132,0.00635
2607.45106,0.00622
2605.41080,0.00624
2603.37054,0.00633
2601.33028,0.00638
2599.29003,0.00645
2597.24977,0.00652
2595.20951,0.00652
2593.16925,0.00649
2591.12899,0.00648
2589.08873,0.00649
2587.04847,0.00648
2585.00821,0.00648
2582.96795,0.00651
2580.92769,0.00645
2578.88744,0.00637
2576.84718,0.00642
2574.80692,0.00653
2572.76666,0.00655
2570.72640,0.00652
2568.68614,0.00652
2566.64588,0.00652
2564.60562,0.00651
2562.56536,0.00645
2560.52510,0.00634
2558.48484,0.00629
2556.44459,0.00635
2554.40433,0.00646
2552.36407,0.00649
2550.32381,0.00641
2548.28355,0.00636
2546.24329,0.00641
2544.20303,0.00644
2542.16277,0.00637
2540.12251,0.00633
2538.08225,0.00635
2536.04200,0.00641
2534.00174,0.00644
2531.96148,0.00645
2529.92122,0.00645
2527.88096,0.00641
2525.84070,0.00639
2523.80044,0.00643
2521.76018,0.00643
2519.71992,0.00640
2517.67966,0.00640
2515.63940,0.00644
2513.59915,0.00645
2511.55889,0.00641
2509.51863,0.00639
2507.47837,0.00641
2505.43811,0.00635
2503.39785,0.00627
2501.35759,0.00626
2499.31733,0.00628
2497.27707,0.00631
2495.23681,0.00631
2493.19656,0.00630
2491.15630,0.00631
2489.11604,0.00636
2487.07578,0.00645
2485.03552,0.00653
2482.99526,0.00656
2480.95500,0.00657
2478.91474,0.00655
2476.87448,0.00652
2474.83422,0.00648
2472.79396,0.00641
2470.75371,0.00639
2468.71345,0.00640
2466.67319,0.00636
2464.63293,0.00628
2462.59267,0.00622
2460.55241,0.00618
2458.51215,0.00620
2456.47189,0.00625
2454.43163,0.00626
2452.39137,0.00627
2450.35112,0.00631
2448.31086,0.00631
2446.27060,0.00627
2444.23034,0.00629
2442.19008,0.00636
2440.14982,0.00637
2438.10956,0.00635
2436.06930,0.00635
2434.02904,0.00638
2431.98878,0.00639
2429.94852,0.00641
2427.90827,0.00642
2425.86801,0.00641
2423.82775,0.00642
2421.78749,0.00645
2419.74723,0.00641
2417.70697,0.00636
2415.66671,0.00635
2413.62645,0.00634
2411.58619,0.00632
2409.54593,0.00632
2407.50568,0.00633
2405.46542,0.00631
2403.42516,0.00630
2401.38490,0.00634
2399.34464,0.00632
2397.30438,0.00626
2395.26412,0.00624
2393.22386,0.00631
2391.18360,0.00644
2389.14334,0.00659
2387.10308,0.00679
2385.06283,0.00713
2383.02257,0.00772
2380.98231,0.00858
2378.94205,0.00962
2376.90179,0.01064
2374.86153,0.01159
2372.82127,0.01256
2370.78101,0.01348
2368.74075,0.01420
2366.70049,0.01488
2364.66024,0.01560
2362.61998,0.01603
2360.57972,0.01607
2358.53946,0.01594
2356.49920,0.01556
2354.45894,0.01478
2352.41868,0.01372
2350.37842,0.01271
2348.33816,0.01233
2346.29790,0.01285
2344.25764,0.01355
2342.21739,0.01364
2340.17713,0.01344
2338.13687,0.01329
2336.09661,0.01319
2334.05635,0.01307
2332.01609,0.01307
2329.97583,0.01311
2327.93557,0.01293
2325.89531,0.01275
2323.85505,0.01276
2321.81480,0.01258
2319.77454,0.01209
2317.73428,0.01154
2315.69402,0.01108
2313.65376,0.01075
2311.61350,0.01050
2309.57324,0.01016
2307.53298,0.00971
2305.49272,0.00922
2303.45246,0.00881
2301.41220,0.00847
2299.37195,0.00812
2297.33169,0.00777
2295.29143,0.00747
2293.25117,0.00730
2291.21091,0.00714
2289.17065,0.00691
2287.13039,0.00672
2285.09013,0.00659
2283.04987,0.00642
2281.00961,0.00626
2278.96936,0.00621
2276.92910,0.00627
2274.88884,0.00635
2272.84858,0.00640
2270.80832,0.00645
2268.76806,0.00648
2266.72780,0.00648
2264.68754,0.00648
2262.64728,0.00649
2260.60702,0.00645
2258.56676,0.00637
2256.52651,0.00638
2254.48625,0.00643
2252.44599,0.00642
2250.40573,0.00635
2248.36547,0.00625
2246.32521,0.00620
2244.28495,0.00620
2242.24469,0.00619
2240.20443,0.00619
2238.16417,0.00619
2236.12392,0.00614
2234.08366,0.00607
2232.04340,0.00604
2230.00314,0.00602
2227.96288,0.00601
2225.92262,0.00606
2223.88236,0.00614
2221.84210,0.00614
2219.80184,0.00612
2217.76158,0.00616
2215.72132,0.00623
2213.68107,0.00624
2211.64081,0.00617
2209.60055,0.00613
2207.56029,0.00616
2205.52003,0.00621
2203.47977,0.00622
2201.43951,0.00619
2199.39925,0.00616
2197.35899,0.00613
2195.31873,0.00611
2193.27848,0.00610
2191.23822,0.00610
2189.19796,0.00618
2187.15770,0.00628
2185.11744,0.00626
2183.07718,0.00617
2181.03692,0.00616
2178.99666,0.00623
2176.95640,0.00627
2174.91614,0.00628
2172.87588,0.00627
2170.83563,0.00627
2168.79537,0.00629
2166.75511,0.00630
2164.71485,0.00628
2162.67459,0.00627
2160.63433,0.00631
2158.59407,0.00641
2156.55381,0.00646
2154.51355,0.00641
2152.47329,0.00634
2150.43304,0.00626
2148.39278,0.00619
2146.35252,0.00620
2144.31226,0.00620
2142.27200,0.00616
2140.23174,0.00614
2138.19148,0.00619
2136.15122,0.00624
2134.11096,0.00617
2132.07070,0.00610
2130.03044,0.00611
2127.99019,0.00617
2125.94993,0.00622
2123.90967,0.00627
2121.86941,0.00629
2119.82915,0.00626
2117.78889,0.00625
2115.74863,0.00626
2113.70837,0.00624
2111.66811,0.00620
2109.62785,0.00613
2107.58760,0.00608
2105.54734,0.00612
2103.50708,0.00615
2101.46682,0.00614
2099.42656,0.00621
2097.38630,0.00628
2095.34604,0.00623
2093.30578,0.00620
2091.26552,0.00631
2089.22526,0.00638
2087.18500,0.00626
2085.14475,0.00613
2083.10449,0.00616
2081.06423,0.00622
2079.02397,0.00614
2076.98371,0.00606
2074.94345,0.00613
2072.90319,0.00619
2070.86293,0.00618
2068.82267,0.00628
2066.78241,0.00658
2064.74216,0.00677
2062.70190,0.00657
2060.66164,0.00629
2058.62138,0.00615
2056.58112,0.00611
2054.54086,0.00618
2052.50060,0.00626
2050.46034,0.00623
2048.42008,0.00620
2046.37982,0.00621
2044.33956,0.00633
2042.29931,0.00653
2040.25905,0.00655
2038.21879,0.00635
2036.17853,0.00618
2034.13827,0.00611
2032.09801,0.00608
2030.05775,0.00605
2028.01749,0.00606
2025.97723,0.00611
2023.93697,0.00619
2021.89672,0.00641
2019.85646,0.00688
2017.81620,0.00735
2015.77594,0.00717
2013.73568,0.00653
2011.69542,0.00615
2009.65516,0.00613
2007.61490,0.00616
2005.57464,0.00606
2003.53438,0.00597
2001.49412,0.00609
1999.45387,0.00626
1997.41361,0.00630
1995.37335,0.00665
1993.33309,0.00755
1991.29283,0.00800
1989.25257,0.00751
1987.21231,0.00684
1985.17205,0.00632
1983.13179,0.00608
1981.09153,0.00607
1979.05128,0.00610
1977.01102,0.00611
1974.97076,0.00610
1972.93050,0.00608
1970.89024,0.00639
1968.84998,0.00726
1966.80972,0.00772
1964.76946,0.00715
1962.72920,0.00649
1960.68894,0.00626
1958.64868,0.00624
1956.60843,0.00634
1954.56817,0.00632
1952.52791,0.00615
1950.48765,0.00614
1948.44739,0.00645
1946.40713,0.00711
1944.36687,0.00813
1942.32661,0.00857
1940.28635,0.00755
1938.24609,0.00647
1936.20584,0.00630
1934.16558,0.00639
1932.12532,0.00630
1930.08506,0.00615
1928.04480,0.00618
1926.00454,0.00682
1923.96428,0.00808
1921.92402,0.00868
1919.88376,0.00859
1917.84350,0.00840
1915.80324,0.00748
1913.76299,0.00669
1911.72273,0.00711
1909.68247,0.00790
1907.64221,0.00774
1905.60195,0.00693
1903.56169,0.00644
1901.52143,0.00628
1899.48117,0.00632
1897.44091,0.00680
1895.40065,0.00732
1893.36040,0.00739
1891.32014,0.00780
1889.27988,0.00823
1887.23962,0.00757
1885.19936,0.00680
1883.15910,0.00648
1881.11884,0.00631
1879.07858,0.00624
1877.03832,0.00616
1874.99806,0.00624
1872.95780,0.00713
1870.91755,0.00960
1868.87729,0.01207
1866.83703,0.01108
1864.79677,0.00836
1862.75651,0.00702
1860.71625,0.00689
1858.67599,0.00685
1856.63573,0.00656
1854.59547,0.00626
1852.55521,0.00628
1850.51496,0.00695
1848.47470,0.00849
1846.43444,0.01065
1844.39418,0.01196
1842.35392,0.01037
1840.31366,0.00812
1838.27340,0.00749
1836.23314,0.00749
1834.19288,0.00754
1832.15262,0.00898
1830.11237,0.01111
1828.07211,0.01116
1826.03185,0.01018
1823.99159,0.00918
1821.95133,0.00770
1819.91107,0.00686
1817.87081,0.00684
1815.83055,0.00691
1813.79029,0.00755
1811.75003,0.00881
1809.70977,0.00906
1807.66952,0.00812
1805.62926,0.00766
1803.58900,0.00875
1801.54874,0.01050
1799.50848,0.01084
1797.46822,0.01040
1795.42796,0.01115
1793.38770,0.01308
1791.34744,0.01306
1789.30718,0.01014
1787.26693,0.00825
1785.22667,0.00838
1783.18641,0.00915
1781.14615,0.00989
1779.10589,0.00986
1777.06563,0.00972
1775.02537,0.01152
1772.98511,0.01466
1770.94485,0.01502
1768.90459,0.01232
1766.86433,0.00966
1764.82408,0.00877
1762.78382,0.00990
1760.74356,0.01073
1758.70330,0.01051
1756.66304,0.01018
1754.62278,0.01002
1752.58252,0.01208
1750.54226,0.01610
1748.50200,0.01735
1746.46174,0.01549
1744.42149,0.01386
1742.38123,0.01329
1740.34097,0.01311
1738.30071,0.01286
1736.26045,0.01424
1734.22019,0.01749
1732.17993,0.01696
1730.13967,0.01315
1728.09941,0.00972
1726.05915,0.00812
1724.01889,0.00840
1721.97864,0.00962
1719.93838,0.01302
1717.89812,0.01889
1715.85786,0.02003
1713.81760,0.01526
1711.77734,0.01142
1709.73708,0.01061
1707.69682,0.01252
1705.65656,0.01509
1703.61630,0.01628
1701.57605,0.01831
1699.53579,0.02140
1697.49553,0.02119
1695.45527,0.01702
1693.41501,0.01223
1691.37475,0.01095
1689.33449,0.01253
1687.29423,0.01535
1685.25397,0.01991
1683.21371,0.02115
1681.17345,0.01646
1679.13320,0.01283
1677.09294,0.01214
1675.05268,0.01321
1673.01242,0.01415
1670.97216,0.01555
1668.93190,0.01508
1666.89164,0.01159
1664.85138,0.01021
1662.81112,0.01105
1660.77086,0.01024
1658.73061,0.00908
1656.69035,0.01118
1654.65009,0.01767
1652.60983,0.02141
1650.56957,0.01809
1648.52931,0.01819
1646.48905,0.01836
1644.44879,0.01352
1642.40853,0.00986
1640.36827,0.00992
1638.32801,0.01330
1636.28776,0.01705
1634.24750,0.01425
1632.20724,0.00957
1630.16698,0.00849
1628.12672,0.00966
1626.08646,0.01094
1624.04620,0.01205
1622.00594,0.01167
1619.96568,0.01079
1617.92542,0.01199
1615.88517,0.01220
1613.84491,0.00948
1611.80465,0.00803
1609.76439,0.00843
1607.72413,0.00861
1605.68387,0.00813
1603.64361,0.00793
1601.60335,0.00770
1599.56309,0.00718
1597.52283,0.00714
1595.48257,0.00759
1593.44232,0.00765
1591.40206,0.00728
1589.36180,0.00681
1587.32154,0.00636
1585.28128,0.00613
1583.24102,0.00622
1581.20076,0.00686
1579.16050,0.00912
1577.12024,0.01277
1575.07998,0.01305
1573.03973,0.01098
1570.99947,0.01174
1568.95921,0.01300
1566.91895,0.01176
1564.87869,0.01095
1562.83843,0.01242
1560.79817,0.01830
1558.75791,0.02629
1556.71765,0.02270
1554.67739,0.01693
1552.63713,0.01413
1550.59688,0.01318
1548.55662,0.01280
1546.51636,0.01438
1544.47610,0.01965
1542.43584,0.02647
1540.39558,0.02883
1538.35532,0.02184
1536.31506,0.01683
1534.27480,0.01675
1532.23454,0.01607
1530.19429,0.01430
1528.15403,0.01542
1526.11377,0.01831
1524.07351,0.02109
1522.03325,0.02365
1519.99299,0.02341
1517.95273,0.02174
1515.91247,0.01915
1513.87221,0.01600
1511.83195,0.01634
1509.79169,0.02176
1507.75144,0.02847
1505.71118,0.02335
1503.67092,0.01460
1501.63066,0.01190
1499.59040,0.01313
1497.55014,0.01466
1495.50988,0.01303
1493.46962,0.01154
1491.42936,0.01412
1489.38910,0.01747
1487.34885,0.01498
1485.30859,0.01040
1483.26833,0.00833
1481.22807,0.00825
1479.18781,0.00895
1477.14755,0.01128
1475.10729,0.01545
1473.06703,0.01781
1471.02677,0.01409
1468.98651,0.00976
1466.94625,0.00929
1464.90600,0.01044
1462.86574,0.01009
1460.82548,0.01142
1458.78522,0.01695
1456.74496,0.02013
1454.70470,0.01504
1452.66444,0.01053
1450.62418,0.00906
1448.58392,0.00927
1446.54366,0.00868
1444.50341,0.00708
1442.46315,0.00623
1440.42289,0.00694
1438.38263,0.00954
1436.34237,0.01176
1434.30211,0.01057
1432.26185,0.00928
1430.22159,0.00909
1428.18133,0.00839
1426.14107,0.00823
1424.10081,0.00928
1422.06056,0.01049
1420.02030,0.01249
1417.98004,0.01304
1415.93978,0.00990
1413.89952,0.00718
1411.85926,0.00636
1409.81900,0.00622
1407.77874,0.00649
1405.73848,0.00731
1403.69822,0.00732
1401.65797,0.00745
1399.61771,0.00953
1397.57745,0.01173
1395.53719,0.01172
1393.49693,0.00941
1391.45667,0.00738
1389.41641,0.00789
1387.37615,0.00910
1385.33589,0.00800
1383.29563,0.00631
1381.25537,0.00602
1379.21512,0.00667
1377.17486,0.00799
1375.13460,0.00954
1373.09434,0.00924
1371.05408,0.00764
1369.01382,0.00695
1366.97356,0.00705
1364.93330,0.00835
1362.89304,0.01004
1360.85278,0.00920
1358.81253,0.00722
1356.77227,0.00650
1354.73201,0.00646
1352.69175,0.00628
1350.65149,0.00616
1348.61123,0.00612
1346.57097,0.00598
1344.53071,0.00608
1342.49045,0.00746
1340.45019,0.01005
1338.40993,0.01071
1336.36968,0.00855
1334.32942,0.00649
1332.28916,0.00564
1330.24890,0.00555
1328.20864,0.00569
1326.16838,0.00577
1324.12812,0.00591
1322.08786,0.00649
1320.04760,0.00742
1318.00734,0.00775
1315.96709,0.00739
1313.92683,0.00707
1311.88657,0.00661
1309.84631,0.00605
1307.80605,0.00583
1305.76579,0.00573
1303.72553,0.00557
1301.68527,0.00546
1299.64501,0.00553
1297.60475,0.00571
1295.56449,0.00573
1293.52424,0.00559
1291.48398,0.00563
1289.44372,0.00590
1287.40346,0.00602
1285.36320,0.00584
1283.32294,0.00566
1281.28268,0.00559
1279.24242,0.00556
1277.20216,0.00552
1275.16190,0.00551
1273.12165,0.00571
1271.08139,0.00591
1269.04113,0.00582
1267.00087,0.00554
1264.96061,0.00534
1262.92035,0.00537
1260.88009,0.00552
1258.83983,0.00542
1256.79957,0.00504
1254.75931,0.00477
1252.71905,0.00475
1250.67880,0.00482
1248.63854,0.00490
1246.59828,0.00505
1244.55802,0.00517
1242.51776,0.00511
1240.47750,0.00502
1238.43724,0.00501
1236.39698,0.00501
1234.35672,0.00496
1232.31646,0.00486
1230.27621,0.00481
1228.23595,0.00491
1226.19569,0.00507
1224.15543,0.00512
1222.11517,0.00505
1220.07491,0.00499
1218.03465,0.00501
1215.99439,0.00513
1213.95413,0.00530
1211.91387,0.00534
1209.87361,0.00522
1207.83336,0.00519
1205.79310,0.00526
1203.75284,0.00530
1201.71258,0.00531
1199.67232,0.00527
1197.63206,0.00523
1195.59180,0.00526
1193.55154,0.00528
1191.51128,0.00528
1189.47102,0.00533
1187.43077,0.00541
1185.39051,0.00539
1183.35025,0.00534
1181.30999,0.00533
1179.26973,0.00529
1177.22947,0.00528
1175.18921,0.00540
1173.14895,0.00549
1171.10869,0.00541
1169.06843,0.00531
1167.02817,0.00533
1164.98792,0.00533
1162.94766,0.00531
1160.90740,0.00541
1158.86714,0.00548
1156.82688,0.00547
1154.78662,0.00550
1152.74636,0.00556
1150.70610,0.00549
1148.66584,0.00538
1146.62558,0.00535
1144.58533,0.00537
1142.54507,0.00541
1140.50481,0.00547
1138.46455,0.00549
1136.42429,0.00552
1134.38403,0.00554
1132.34377,0.00543
1130.30351,0.00529
1128.26325,0.00527
1126.22299,0.00528
1124.18273,0.00524
1122.14248,0.00518
1120.10222,0.00512
1118.06196,0.00506
1116.02170,0.00506
1113.98144,0.00505
1111.94118,0.00501
1109.90092,0.00494
1107.86066,0.00486
1105.82040,0.00482
1103.78014,0.00482
1101.73989,0.00479
1099.69963,0.00467
1097.65937,0.00451
1095.61911,0.00444
1093.57885,0.00442
1091.53859,0.00436
1089.49833,0.00421
1087.45807,0.00401
1085.41781,0.00384
1083.37755,0.00370
1081.33729,0.00353
1079.29704,0.00333
1077.25678,0.00320
1075.21652,0.00310
1073.17626,0.00305
1071.13600,0.00307
1069.09574,0.00301
1067.05548,0.00286
1065.01522,0.00290
1062.97496,0.00315
1060.93470,0.00321
1058.89445,0.00297
1056.85419,0.00274
1054.81393,0.00279
1052.77367,0.00291
1050.73341,0.00292
1048.69315,0.00292
1046.65289,0.00292
1044.61263,0.00299
1042.57237,0.00323
1040.53211,0.00349
1038.49185,0.00362
1036.45160,0.00370
1034.41134,0.00390
1032.37108,0.00418
1030.33082,0.00424
1028.29056,0.00414
1026.25030,0.00427
1024.21004,0.00452
1022.16978,0.00459
1020.12952,0.00460
1018.08926,0.00473
1016.04901,0.00491
1014.00875,0.00495
1011.96849,0.00495
1009.92823,0.00506
1007.88797,0.00516
1005.84771,0.00513
1003.80745,0.00504
1001.76719,0.00502
999.72693,0.00509
997.68667,0.00517
995.64641,0.00521
993.60616,0.00523
991.56590,0.00531
989.52564,0.00542
987.48538,0.00549
985.44512,0.00554
983.40486,0.00560
981.36460,0.00563
979.32434,0.00563
977.28408,0.00557
975.24382,0.00545
973.20357,0.00540
971.16331,0.00550
969.12305,0.00564
967.08279,0.00570
965.04253,0.00574
963.00227,0.00575
960.96201,0.00574
958.92175,0.00568
956.88149,0.00555
954.84123,0.00549
952.80097,0.00545
950.76072,0.00539
948.72046,0.00552
946.68020,0.00571
944.63994,0.00571
942.59968,0.00560
940.55942,0.00551
938.51916,0.00540
936.47890,0.00534
934.43864,0.00544
932.39838,0.00558
930.35813,0.00560
928.31787,0.00557
926.27761,0.00562
924.23735,0.00562
922.19709,0.00556
920.15683,0.00557
918.11657,0.00554
916.07631,0.00539
914.03605,0.00521
911.99579,0.00517
909.95553,0.00532
907.91528,0.00544
905.87502,0.00543
903.83476,0.00538
901.79450,0.00535
899.75424,0.00540
897.71398,0.00539
895.67372,0.00522
893.63346,0.00513
891.59320,0.00519
889.55294,0.00522
887.51269,0.00516
885.47243,0.00516
883.43217,0.00518
881.39191,0.00508
879.35165,0.00499
877.31139,0.00505
875.27113,0.00512
873.23087,0.00511
871.19061,0.00508
869.15035,0.00508
867.11009,0.00516
865.06984,0.00528
863.02958,0.00537
860.98932,0.00542
858.94906,0.00542
856.90880,0.00547
854.86854,0.00544
852.82828,0.00533
850.78802,0.00520
848.74776,0.00514
846.70750,0.00522
844.66725,0.00538
842.62699,0.00554
840.58673,0.00561
838.54647,0.00577
836.50621,0.00600
834.46595,0.00588
832.42569,0.00544
830.38543,0.00517
828.34517,0.00520
826.30491,0.00555
824.26465,0.00586
822.22440,0.00575
820.18414,0.00538
818.14388,0.00505
816.10362,0.00502
814.06336,0.00551
812.02310,0.00645
809.98284,0.00670
807.94258,0.00590
805.90232,0.00540
803.86206,0.00544
801.82181,0.00549
799.78155,0.00568
797.74129,0.00594
795.70103,0.00597
793.66077,0.00589
791.62051,0.00590
789.58025,0.00584
787.53999,0.00577
785.49973,0.00576
783.45947,0.00566
781.41921,0.00565
779.37896,0.00589
777.33870,0.00599
775.29844,0.00580
773.25818,0.00558
771.21792,0.00552
769.17766,0.00555
767.13740,0.00552
765.09714,0.00538
763.05688,0.00521
761.01662,0.00524
758.97637,0.00554
756.93611,0.00578
754.89585,0.00569
752.85559,0.00543
750.81533,0.00538
748.77507,0.00565
746.73481,0.00587
744.69455,0.00586
742.65429,0.00583
740.61403,0.00575
738.57377,0.00566
736.53352,0.00559
734.49326,0.00561
732.45300,0.00584
730.41274,0.00606
728.37248,0.00603
726.33222,0.00588
724.29196,0.00603
722.25170,0.00643
720.21144,0.00654
718.17118,0.00642
716.13093,0.00651
714.09067,0.00645
712.05041,0.00606
710.01015,0.00589
707.96989,0.00614
705.92963,0.00646
703.88937,0.00660
701.84911,0.00665
699.80885,0.00664
697.76859,0.00662
695.72833,0.00668
693.68808,0.00679
691.64782,0.00693
689.60756,0.00724
687.56730,0.00743
685.52704,0.00733
683.48678,0.00748
681.44652,0.00798
679.40626,0.00830
677.36600,0.00805
675.32574,0.00748
673.28549,0.00731
671.24523,0.00830
669.20497,0.00990
667.16471,0.00947
665.12445,0.00798
663.08419,0.00788
661.04393,0.00838
659.00367,0.00843
656.96341,0.00821
654.92315,0.00851
652.88289,0.00895
650.84264,0.00853
648.80238,0.00785
646.76212,0.00760
644.72186,0.00757
642.68160,0.00776
640.64134,0.00833
638.60108,0.00891
636.56082,0.00929
634.52056,0.00935
632.48030,0.00872
630.44005,0.00817
628.39979,0.00857
626.35953,0.00924
624.31927,0.00935
622.27901,0.00932
620.23875,0.00996
618.19849,0.01077
616.15823,0.01067
614.11797,0.01023
612.07771,0.01052
610.03746,0.01097
607.99720,0.01128
605.95694,0.01174
603.91668,0.01172
601.87642,0.01085
599.83616,0.01016