TITLE SAMPLE NAME:,PET_SPRITE_BOTTLE
DATA TYPE:,Infrared Spectrum
MEASUREMENT INFORMATION:,FTIR Spectrophotometer
MODEL NAME:,FTIR
SERIAL No:,
ACCESSORY:,ATR
LIGHT SOURCE:,
RESOLUTION:,4 cm-1
XUNITS/ HORIZONTAL AXIS:,Wavenumber [cm-1]
YUNITS/ VERTICAL AXIS:,Transmittance %T
FIRSTX:,3996.86747
FIRSTY:,98.06634745
LASTX:,599.83616
LASTY:,97.68772598
NPOINTS:,1681
3996.86747,98.06634745
3994.82721,98.00088554
3992.78695,97.94899854
3990.7467,97.94674321
3988.70644,98.01216896
3986.66618,98.0979654
3984.62592,98.10926
3982.58566,98.04602701
3980.5454,98.02345367
3978.50514,98.03473969
3976.46488,97.98509093
3974.42462,97.91066494
3972.38436,97.88812277
3970.34411,97.93095733
3968.30385,98.02796792
3966.26359,98.09344793
3964.22333,98.03022513
3962.18307,97.90841049
3960.14281,97.87910736
3958.10255,97.92193797
3956.06229,97.94448793
3954.02203,97.90164745
3951.98177,97.7349736
3949.94151,97.48100545
3947.90126,97.3957486
3945.861,97.47651639
3943.82074,97.45407418
3941.78048,97.51243468
3939.74022,97.76423358
3937.69996,97.91291944
3935.6597,97.80250985
3933.61944,97.45407418
3931.57918,97.17398208
3929.53892,97.29264269
3927.49867,97.46978318
3925.45841,97.38453615
3923.41815,97.30384457
3921.37789,97.33969923
3919.33763,97.23441373
3917.29737,97.14042517
3915.25711,97.42042054
3913.21685,97.86107902
3911.17659,98.07989675
3909.13633,97.96027599
3907.09607,97.3957486
3905.05582,96.48504417
3903.01556,95.85615401
3900.9753,95.90030756
3898.93504,96.40731774
3896.89478,97.03535521
3894.85452,97.26576346
3892.81426,96.99961265
3890.774,96.88577108
3888.73374,97.057701
3886.69348,96.8679257
3884.65323,96.51170766
3882.61297,96.39399949
3880.57271,96.49170935
3878.53245,96.93486281
3876.49219,97.13818846
3874.45193,96.74310008
3872.41167,96.18558706
3870.37141,95.90030756
3868.33115,96.0859747
3866.29089,96.24540404
3864.25063,96.15679955
3862.21038,96.45838805
3860.17012,96.94602349
3858.12986,96.91031384
3856.0896,96.17894302
3854.04934,95.03202859
3852.00908,95.09769707
3849.96882,96.34740013
3847.92856,97.20531232
3845.8883,97.30384457
3843.84804,96.81663856
3841.80779,96.09482495
3839.76753,95.43990536
3837.72727,95.31472518
3835.68701,95.82967163
3833.64675,96.37846387
3831.60649,96.75869448
3829.56623,96.99514576
3827.52597,97.0152484
3825.48571,96.87238674
3823.44545,96.42507826
3821.40519,95.67974298
3819.36494,95.53884794
3817.32468,95.95773759
3815.28442,96.57617484
3813.24416,97.33745793
3811.2039,97.70572238
3809.16364,97.43612413
3807.12338,96.87238674
3805.08312,96.50281901
3803.04286,96.06164071
3801.0026,95.74585903
3798.96235,96.09703764
3796.92209,96.65626298
3794.88183,97.27920215
3792.84157,97.8205274
3790.80131,98.05280002
3788.76105,98.00991217
3786.72079,97.77548976
3784.68053,97.57083014
3782.64027,97.51468001
3780.60001,97.38677853
3778.55975,97.39350601
3776.5195,97.72147195
3774.47924,97.89939321
3772.43898,97.61577351
3770.39872,97.08452274
3768.35846,96.83893398
3766.3182,96.95495296
3764.27794,97.20755058
3762.23768,97.25008733
3760.19742,96.82778563
3758.15716,96.46505139
3756.11691,96.45394608
3754.07665,96.09039972
3752.03639,95.08674918
3749.99613,94.50178244
3747.95587,94.8374788
3745.91561,95.06047937
3743.87535,95.26206686
3741.83509,95.76790787
3739.79483,95.91134913
3737.75457,95.3278943
3735.71431,94.46697311
3733.67406,94.62589495
3731.6338,95.77011303
3729.59354,96.59396647
3727.55328,96.64958643
3725.51302,96.32965392
3723.47276,96.23210816
3721.4325,96.49393118
3719.39224,96.92816702
3717.35198,97.23217485
3715.31172,97.06887583
3713.27147,96.29860591
3711.23121,95.62908492
3709.19095,96.12580726
3707.15069,97.02865248
3705.11043,97.4383677
3703.07017,97.33073433
3701.02991,97.27472238
3698.98965,97.55510484
3696.94939,97.74847712
3694.90913,97.60004098
3692.86887,96.9884458
3690.82862,96.03952424
3688.78836,95.79216746
3686.7481,96.66071427
3684.70784,97.46529464
3682.66758,97.70572238
3680.62732,97.3957486
3678.58706,96.61621061
3676.5468,95.57845368
3674.50654,95.29058651
3672.46628,95.71059145
3670.42603,95.86939794
3668.38577,96.43395974
3666.34551,97.40023394
3664.30525,97.98734715
3662.26499,98.14767135
3660.22473,98.02345367
3658.18447,97.66073759
3656.14421,97.29264269
3654.10395,97.04652746
3652.06369,96.29195407
3650.02343,94.88771752
3647.98318,94.64768588
3645.94292,96.01078045
3643.90266,97.12253289
3641.8624,97.56633694
3639.82214,97.69672376
3637.78188,97.71922186
3635.74162,97.58206404
3633.70136,97.25680536
3631.6611,96.67406936
3629.62084,95.86939794
3627.58059,95.94006315
3625.54033,96.87684798
3623.50007,97.3060851
3621.45981,96.91477682
3619.41955,96.23653991
3617.37929,96.08818719
3615.33903,96.19223155
3613.29877,96.20773716
3611.25851,96.31856419
3609.21825,96.4295189
3607.17799,96.70301173
3605.13774,97.20083596
3603.09748,97.39126346
3601.05722,97.21202726
3599.01696,97.05993586
3596.9767,96.97951325
3594.93644,96.94825578
3592.89618,97.13595179
3590.85592,97.14042517
3588.81566,96.57172745
3586.7754,96.25870175
3584.73515,96.89692611
3582.69489,97.55061237
3580.65463,97.7574805
3578.61437,97.75522958
3576.57411,97.77548976
3574.53385,97.84080111
3572.49359,97.82503231
3570.45333,97.40247669
3568.41307,96.43173929
3566.37281,95.84953273
3564.33255,96.45394608
3562.2923,97.22321985
3560.25204,97.62026899
3558.21178,97.84755995
3556.17152,97.91968326
3554.13126,97.74847712
3552.091,97.58655796
3550.05074,97.56409042
3548.01048,97.34642345
3545.97022,97.057701
3543.92996,97.25008733
3541.88971,97.74847712
3539.84945,98.02345367
3537.80919,97.99862901
3535.76893,97.97606659
3533.72867,98.0505423
3531.68841,97.96704308
3529.64815,97.66748399
3527.60789,97.40247669
3525.56763,97.31056631
3523.52737,97.4114482
3521.48711,97.70347265
3519.44686,97.98283477
3517.4066,98.11603738
3515.36634,98.17027329
3513.32608,98.11151907
3511.28582,97.9174286
3509.24556,97.80701393
3507.2053,97.84755995
3505.16504,97.75522958
3503.12478,97.59105209
3501.08452,97.710222
3499.04427,97.96478733
3497.00401,98.06634745
3494.96375,98.08893066
3492.92349,98.14315159
3490.88323,98.16123189
3488.84297,98.11151907
3486.80271,98.07312187
3484.76245,98.03022513
3482.72219,97.95576485
3480.68193,97.98960342
3478.64167,98.13185309
3476.60142,98.18609774
3474.56116,98.15897167
3472.5209,98.1747943
3470.48064,98.20644722
3468.44038,98.20870853
3466.40012,98.20418596
3464.35986,98.18157621
3462.3196,98.13637233
3460.27934,98.15897167
3458.23908,98.24263448
3456.19883,98.30373071
3454.15857,98.32410457
3452.11831,98.31731281
3450.07805,98.21549278
3448.03779,98.01893963
3445.99753,97.93997752
3443.95727,98.03925446
3441.91701,98.16123189
3439.87675,98.2607331
3437.83649,98.33089679
3435.79623,98.3422182
3433.75598,98.29694037
3431.71572,98.25847059
3429.67546,98.2607331
3427.6352,98.27204644
3425.59494,98.25847059
3423.55468,98.1747943
3421.51442,98.07312187
3419.47416,98.09344793
3417.4339,98.22680091
3415.39364,98.32636859
3413.35339,98.35807037
3411.31313,98.35354092
3409.27287,98.31957668
3407.23261,98.29241373
3405.19235,98.29467702
3403.15209,98.2878873
3401.11183,98.25847059
3399.07157,98.22453918
3397.03131,98.20418596
3394.99105,98.19288043
3392.95079,98.19514143
3390.91054,98.23358641
3388.87028,98.28109805
3386.83002,98.28109805
3384.78976,98.26299567
3382.7495,98.29015049
3380.70924,98.32636859
3378.66898,98.3354252
3376.62872,98.34448264
3374.58846,98.34674714
3372.5482,98.33089679
3370.50795,98.30146721
3368.46769,98.24715882
3366.42743,98.19740249
3364.38717,98.20418596
3362.34691,98.24715882
3360.30665,98.29694037
3358.26639,98.315049
3356.22613,98.29920376
3354.18587,98.29920376
3352.14561,98.3218406
3350.10535,98.34674714
3348.0651,98.36712991
3346.02484,98.38072077
3343.98458,98.38072077
3341.94432,98.37165998
3339.90406,98.36260004
3337.8638,98.33089679
3335.82354,98.29241373
3333.78328,98.29015049
3331.74302,98.3218406
3329.70276,98.3354252
3327.66251,98.33316097
3325.62225,98.3422182
3323.58199,98.35127627
3321.54173,98.34901168
3319.50147,98.36260004
3317.46121,98.37845549
3315.42095,98.3739251
3313.38069,98.34674714
3311.34043,98.32410457
3309.30017,98.30599427
3307.25991,98.30373071
3305.21966,98.33316097
3303.1794,98.36033518
3301.13914,98.36939492
3299.09888,98.38072077
3297.05862,98.37619027
3295.01836,98.33089679
3292.9781,98.29015049
3290.93784,98.30146721
3288.89758,98.33089679
3286.85732,98.33995382
3284.81707,98.3218406
3282.77681,98.31052153
3280.73655,98.32410457
3278.69629,98.31957668
3276.65603,98.27883507
3274.61577,98.24715882
3272.57551,98.27430926
3270.53525,98.3422182
3268.49499,98.3875169
3266.45473,98.39884483
3264.41447,98.38978238
3262.37422,98.36939492
3260.33396,98.3354252
3258.2937,98.29467702
3256.25344,98.27204644
3254.21318,98.29694037
3252.17292,98.3422182
3250.13266,98.37165998
3248.0924,98.37165998
3246.05214,98.3354252
3244.01188,98.30825787
3241.97163,98.315049
3239.93137,98.33089679
3237.89111,98.3354252
3235.85085,98.34448264
3233.81059,98.36712991
3231.77033,98.38072077
3229.73007,98.36939492
3227.68981,98.36260004
3225.64955,98.38525147
3223.60929,98.3943135
3221.56903,98.37165998
3219.52878,98.34901168
3217.48852,98.33768948
3215.44826,98.31052153
3213.408,98.29241373
3211.36774,98.30825787
3209.32748,98.34448264
3207.28722,98.40111058
3205.24696,98.44190288
3203.2067,98.43963619
3201.16644,98.41244007
3199.12619,98.38072077
3197.08593,98.36486494
3195.04567,98.40337637
3193.00541,98.44870324
3190.96515,98.44870324
3188.92489,98.41470613
3186.88463,98.38298609
3184.84437,98.39657914
3182.80411,98.43963619
3180.76385,98.44190288
3178.72359,98.41017407
3176.68334,98.39884483
3174.64308,98.4260372
3172.60282,98.45777112
3170.56256,98.4713745
3168.5223,98.46910714
3166.48204,98.45097013
3164.44178,98.43736956
3162.40152,98.43963619
3160.36126,98.44190288
3158.321,98.45097013
3156.28075,98.46683983
3154.24049,98.46457257
3152.20023,98.43963619
3150.15997,98.4260372
3148.11971,98.43510299
3146.07945,98.45323707
3144.03919,98.46910714
3141.99893,98.48044447
3139.95867,98.48044447
3137.91841,98.4713745
3135.87815,98.44190288
3133.8379,98.3943135
3131.79764,98.37619027
3129.75738,98.39657914
3127.71712,98.40564222
3125.67686,98.38525147
3123.6366,98.35127627
3121.59634,98.3354252
3119.55608,98.33089679
3117.51582,98.31731281
3115.47556,98.3218406
3113.43531,98.36260004
3111.39505,98.39884483
3109.35479,98.39884483
3107.31453,98.36939492
3105.27427,98.33768948
3103.23401,98.30146721
3101.19375,98.28336108
3099.15349,98.30146721
3097.11323,98.31957668
3095.07297,98.33995382
3093.03272,98.37845549
3090.99246,98.40564222
3088.9522,98.40790812
3086.91194,98.40337637
3084.87168,98.40337637
3082.83142,98.38072077
3080.79116,98.34448264
3078.7509,98.36033518
3076.71064,98.42150461
3074.67038,98.46003822
3072.63012,98.46910714
3070.58987,98.44870324
3068.54961,98.38978238
3066.50935,98.33089679
3064.46909,98.32636859
3062.42883,98.36486494
3060.38857,98.39204792
3058.34831,98.38298609
3056.30805,98.36712991
3054.26779,98.38525147
3052.22753,98.40564222
3050.18728,98.39884483
3048.14702,98.3943135
3046.10676,98.39884483
3044.0665,98.40337637
3042.02624,98.43056999
3039.98598,98.46457257
3037.94572,98.4713745
3035.90546,98.4464364
3033.8652,98.40564222
3031.82494,98.39204792
3029.78468,98.43963619
3027.74443,98.48724749
3025.70417,98.49631892
3023.66391,98.50765938
3021.62365,98.53941961
3019.58339,98.56438127
3017.54313,98.56892043
3015.50287,98.56665082
3013.46261,98.56892043
3011.42235,98.60070042
3009.38209,98.66201933
3007.34184,98.70519254
3005.30158,98.72110322
3003.26132,98.74383721
3001.22106,98.78477159
2999.1808,98.82344741
2997.14054,98.83710132
2995.10028,98.83027413
2993.06002,98.84392898
2991.01976,98.88945878
2988.9795,98.92589771
2986.93924,98.93956577
2984.89899,98.94412221
2982.85873,98.93045352
2980.81847,98.90995403
2978.77821,98.89629005
2976.73795,98.88718179
2974.69769,98.89173582
2972.65743,98.90539916
2970.61717,98.90767657
2968.57691,98.89173582
2966.53665,98.87124434
2964.4964,98.85986203
2962.45614,98.8644148
2960.41588,98.87124434
2958.37562,98.85758572
2956.33536,98.82344741
2954.2951,98.80752024
2952.25484,98.81662117
2950.21458,98.8120706
2948.17432,98.79614526
2946.13406,98.79387042
2944.0938,98.79614526
2942.05355,98.78477159
2940.01329,98.76885065
2937.97303,98.75520617
2935.93277,98.73246956
2933.89251,98.69837446
2931.85225,98.67792305
2929.81199,98.67110686
2927.77173,98.67337887
2925.73147,98.68246744
2923.69121,98.69837446
2921.65096,98.73019619
2919.6107,98.77112491
2917.57044,98.80069509
2915.53018,98.81889653
2913.48992,98.82344741
2911.44966,98.8120706
2909.4094,98.80069509
2907.36914,98.80297009
2905.32888,98.81889653
2903.28862,98.83710132
2901.24836,98.84165304
2899.20811,98.82799851
2897.16785,98.80752024
2895.12759,98.80069509
2893.08733,98.7893209
2891.04707,98.77794801
2889.00681,98.77567359
2886.96655,98.76885065
2884.92629,98.75748012
2882.88603,98.75748012
2880.84577,98.75748012
2878.80552,98.74838464
2876.76526,98.72337638
2874.725,98.70519254
2872.68474,98.70746534
2870.64448,98.72337638
2868.60422,98.73928999
2866.56396,98.72792287
2864.5237,98.69155685
2862.48344,98.64611818
2860.44318,98.60070042
2858.40292,98.58253917
2856.36267,98.58707917
2854.32241,98.59843008
2852.28215,98.6120529
2850.24189,98.6120529
2848.20163,98.58253917
2846.16137,98.55303428
2844.12111,98.55303428
2842.08085,98.55984232
2840.04059,98.55757292
2838.00033,98.55303428
2835.96008,98.55530357
2833.91982,98.57119009
2831.87956,98.58934925
2829.8393,98.58480914
2827.79904,98.56665082
2825.75878,98.55303428
2823.71852,98.5280755
2821.67826,98.49631892
2819.638,98.49405098
2817.59774,98.51673269
2815.55748,98.53488181
2813.51723,98.53941961
2811.47697,98.54168859
2809.43671,98.54168859
2807.39645,98.55303428
2805.35619,98.55530357
2803.31593,98.54849585
2801.27567,98.53261299
2799.23541,98.51219593
2797.19515,98.4985869
2795.15489,98.49405098
2793.11464,98.50312304
2791.07438,98.50992763
2789.03412,98.51219593
2786.99386,98.51900114
2784.9536,98.53034422
2782.91334,98.54395763
2780.87308,98.54168859
2778.83282,98.52126965
2776.79256,98.50085494
2774.7523,98.49631892
2772.71204,98.4917831
2770.67179,98.48497976
2768.63153,98.48724749
2766.59127,98.49631892
2764.55101,98.49631892
2762.51075,98.50312304
2760.47049,98.51446428
2758.43023,98.50992763
2756.38997,98.48497976
2754.34971,98.4781769
2752.30945,98.4917831
2750.2692,98.49405098
2748.22894,98.49631892
2746.18868,98.51446428
2744.14842,98.53034422
2742.10816,98.52126965
2740.0679,98.50765938
2738.02764,98.50312304
2735.98738,98.50085494
2733.94712,98.50765938
2731.90686,98.51900114
2729.8666,98.50539118
2727.82635,98.4917831
2725.78609,98.50539118
2723.74583,98.51673269
2721.70557,98.50539118
2719.66531,98.49631892
2717.62505,98.50312304
2715.58479,98.51219593
2713.54453,98.51219593
2711.50427,98.51219593
2709.46401,98.51446428
2707.42376,98.51673269
2705.3835,98.51446428
2703.34324,98.51673269
2701.30298,98.52580683
2699.26272,98.53034422
2697.22246,98.5280755
2695.1822,98.51900114
2693.14194,98.50765938
2691.10168,98.50539118
2689.06142,98.49631892
2687.02116,98.47364191
2684.98091,98.46230537
2682.94065,98.4713745
2680.90039,98.4917831
2678.86013,98.51446428
2676.81987,98.52353822
2674.77961,98.52580683
2672.73935,98.52353822
2670.69909,98.50992763
2668.65883,98.4985869
2666.61857,98.50312304
2664.57832,98.51900114
2662.53806,98.51446428
2660.4978,98.4985869
2658.45754,98.50312304
2656.41728,98.52126965
2654.37702,98.5280755
2652.33676,98.52353822
2650.2965,98.50539118
2648.25624,98.4917831
2646.21598,98.50992763
2644.17572,98.53034422
2642.13547,98.52126965
2640.09521,98.50992763
2638.05495,98.51446428
2636.01469,98.51900114
2633.97443,98.51219593
2631.93417,98.50312304
2629.89391,98.50312304
2627.85365,98.51673269
2625.81339,98.53941961
2623.77313,98.55530357
2621.73288,98.55984232
2619.69262,98.55757292
2617.65236,98.55076504
2615.6121,98.5280755
2613.57184,98.50765938
2611.53158,98.51673269
2609.49132,98.54849585
2607.45106,98.57799938
2605.4108,98.5734598
2603.37054,98.55303428
2601.33028,98.54168859
2599.29003,98.52580683
2597.24977,98.50992763
2595.20951,98.50992763
2593.16925,98.51673269
2591.12899,98.51900114
2589.08873,98.51673269
2587.04847,98.51900114
2585.00821,98.51900114
2582.96795,98.51219593
2580.92769,98.52580683
2578.88744,98.54395763
2576.84718,98.53261299
2574.80692,98.50765938
2572.76666,98.50312304
2570.7264,98.50992763
2568.68614,98.50992763
2566.64588,98.50992763
2564.60562,98.51219593
2562.56536,98.52580683
2560.5251,98.55076504
2558.48484,98.56211177
2556.44459,98.54849585
2554.40433,98.52353822
2552.36407,98.51673269
2550.32381,98.53488181
2548.28355,98.54622671
2546.24329,98.53488181
2544.20303,98.5280755
2542.16277,98.54395763
2540.12251,98.55303428
2538.08225,98.54849585
2536.042,98.53488181
2534.00174,98.5280755
2531.96148,98.52580683
2529.92122,98.52580683
2527.88096,98.53488181
2525.8407,98.53941961
2523.80044,98.53034422
2521.76018,98.53034422
2519.71992,98.53715069
2517.67966,98.53715069
2515.6394,98.5280755
2513.59915,98.52580683
2511.55889,98.53488181
2509.51863,98.53941961
2507.47837,98.53488181
2505.43811,98.54849585
2503.39785,98.56665082
2501.35759,98.56892043
2499.31733,98.56438127
2497.27707,98.55757292
2495.23681,98.55757292
2493.19656,98.55984232
2491.1563,98.55757292
2489.11604,98.54622671
2487.07578,98.52580683
2485.03552,98.50765938
2482.99526,98.50085494
2480.955,98.4985869
2478.91474,98.50312304
2476.87448,98.50992763
2474.83422,98.51900114
2472.79396,98.53488181
2470.75371,98.53941961
2468.71345,98.53715069
2466.67319,98.54622671
2464.63293,98.56438127
2462.59267,98.57799938
2460.55241,98.58707917
2458.51215,98.58253917
2456.47189,98.57119009
2454.43163,98.56892043
2452.39137,98.56665082
2450.35112,98.55757292
2448.31086,98.55757292
2446.2706,98.56665082
2444.23034,98.56211177
2442.19008,98.54622671
2440.14982,98.54395763
2438.10956,98.54849585
2436.0693,98.54849585
2434.02904,98.54168859
2431.98878,98.53941961
2429.94852,98.53488181
2427.90827,98.53261299
2425.86801,98.53488181
2423.82775,98.53261299
2421.78749,98.52580683
2419.74723,98.53488181
2417.70697,98.54622671
2415.66671,98.54849585
2413.62645,98.55076504
2411.58619,98.55530357
2409.54593,98.55530357
2407.50568,98.55303428
2405.46542,98.55757292
2403.42516,98.55984232
2401.3849,98.55076504
2399.34464,98.55530357
2397.30438,98.56892043
2395.26412,98.5734598
2393.22386,98.55757292
2391.1836,98.5280755
2389.14334,98.49405098
2387.10308,98.44870324
2385.06283,98.37165998
2383.02257,98.23811034
2380.98231,98.04376944
2378.94205,97.80926605
2376.90179,97.57981716
2374.86153,97.3665989
2372.82127,97.14937255
2370.78101,96.94379125
2368.74075,96.78320505
2366.70049,96.63178456
2364.66024,96.47171519
2362.61998,96.3762447
2360.57972,96.36736853
2358.53946,96.39621907
2356.4992,96.48060097
2354.45894,96.65403741
2352.41868,96.89023294
2350.37842,97.11582414
2348.33816,97.20083596
2346.2979,97.08452274
2344.25764,96.92816702
2342.21739,96.90808242
2340.17713,96.95272052
2338.13687,96.98621259
2336.09661,97.00854706
2334.05635,97.03535521
2332.01609,97.03535521
2329.97583,97.02641834
2327.93557,97.06664076
2325.89531,97.10687985
2323.85505,97.10464391
2321.8148,97.14489876
2319.77454,97.25456597
2317.73428,97.37780929
2315.69402,97.48100545
2313.65376,97.55510484
2311.6135,97.61127824
2309.57324,97.68772598
2307.53298,97.78899887
2305.49272,97.89939321
2303.45246,97.99185974
2301.4122,98.06860554
2299.37195,98.14767135
2297.33169,98.22680091
2295.29143,98.29467702
2293.25117,98.33316097
2291.21091,98.36939492
2289.17065,98.42150461
2287.13039,98.46457257
2285.09013,98.49405098
2283.04987,98.53261299
2281.00961,98.56892043
2278.96936,98.58026925
2276.9291,98.56665082
2274.88884,98.54849585
2272.84858,98.53715069
2270.80832,98.52580683
2268.76806,98.51900114
2266.7278,98.51900114
2264.68754,98.51900114
2262.64728,98.51673269
2260.60702,98.52580683
2258.56676,98.54395763
2256.52651,98.54168859
2254.48625,98.53034422
2252.44599,98.53261299
2250.40573,98.54849585
2248.36547,98.57119009
2246.32521,98.58253917
2244.28495,98.58253917
2242.24469,98.58480914
2240.20443,98.58480914
2238.16417,98.58480914
2236.12392,98.59615979
2234.08366,98.6120529
2232.0434,98.61886501
2230.00314,98.62340668
2227.96288,98.6256776
2225.92262,98.61432355
2223.88236,98.59615979
2221.8421,98.59615979
2219.80184,98.60070042
2217.76158,98.59161938
2215.72132,98.57572957
2213.68107,98.5734598
2211.64081,98.58934925
2209.60055,98.59843008
2207.56029,98.59161938
2205.52003,98.58026925
2203.47977,98.57799938
2201.43951,98.58480914
2199.39925,98.59161938
2197.35899,98.59843008
2195.31873,98.60297081
2193.27848,98.60524125
2191.23822,98.60524125
2189.19796,98.58707917
2187.1577,98.56438127
2185.11744,98.56892043
2183.07718,98.58934925
2181.03692,98.59161938
2178.99666,98.57572957
2176.9564,98.56665082
2174.91614,98.56438127
2172.87588,98.56665082
2170.83563,98.56665082
2168.79537,98.56211177
2166.75511,98.55984232
2164.71485,98.56438127
2162.67459,98.56665082
2160.63433,98.55757292
2158.59407,98.53488181
2156.55381,98.52353822
2154.51355,98.53488181
2152.47329,98.55076504
2150.43304,98.56892043
2148.39278,98.58480914
2146.35252,98.58253917
2144.31226,98.58253917
2142.272,98.59161938
2140.23174,98.59615979
2138.19148,98.58480914
2136.15122,98.5734598
2134.11096,98.58934925
2132.0707,98.60524125
2130.03044,98.60297081
2127.99019,98.58934925
2125.94993,98.57799938
2123.90967,98.56665082
2121.86941,98.56211177
2119.82915,98.56892043
2117.78889,98.57119009
2115.74863,98.56892043
2113.70837,98.5734598
2111.66811,98.58253917
2109.62785,98.59843008
2107.5876,98.6097823
2105.54734,98.60070042
2103.50708,98.59388956
2101.46682,98.59615979
2099.42656,98.58026925
2097.3863,98.56438127
2095.34604,98.57572957
2093.30578,98.58253917
2091.26552,98.55757292
2089.22526,98.54168859
2087.185,98.56892043
2085.14475,98.59843008
2083.10449,98.59161938
2081.06423,98.57799938
2079.02397,98.59615979
2076.98371,98.61432355
2074.94345,98.59843008
2072.90319,98.58480914
2070.86293,98.58707917
2068.82267,98.56438127
2066.78241,98.49631892
2064.74216,98.45323707
2062.7019,98.4985869
2060.66164,98.56211177
2058.62138,98.59388956
2056.58112,98.60297081
2054.54086,98.58707917
2052.5006,98.56892043
2050.46034,98.57572957
2048.42008,98.58253917
2046.37982,98.58026925
2044.33956,98.55303428
2042.29931,98.50765938
2040.25905,98.50312304
2038.21879,98.54849585
2036.17853,98.58707917
2034.13827,98.60297081
2032.09801,98.6097823
2030.05775,98.61659425
2028.01749,98.61432355
2025.97723,98.60297081
2023.93697,98.58480914
2021.89672,98.53488181
2019.85646,98.42830356
2017.8162,98.3218406
2015.77594,98.36260004
2013.73568,98.50765938
2011.69542,98.59388956
2009.65516,98.59843008
2007.6149,98.59161938
2005.57464,98.61432355
2003.53438,98.63476178
2001.49412,98.60751175
1999.45387,98.56892043
1997.41361,98.55984232
1995.37335,98.48044447
1993.33309,98.27657214
1991.29283,98.1747943
1989.25257,98.28562416
1987.21231,98.43736956
1985.17205,98.55530357
1983.13179,98.6097823
1981.09153,98.6120529
1979.05128,98.60524125
1977.01102,98.60297081
1974.97076,98.60524125
1972.9305,98.6097823
1970.89024,98.53941961
1968.84998,98.3422182
1966.80972,98.23811034
1964.76946,98.36712991
1962.7292,98.51673269
1960.68894,98.56892043
1958.64868,98.5734598
1956.60843,98.55076504
1954.56817,98.55530357
1952.52791,98.59388956
1950.48765,98.59615979
1948.44739,98.52580683
1946.40713,98.37619027
1944.36687,98.14541144
1942.32661,98.04602701
1940.28635,98.27657214
1938.24609,98.52126965
1936.20584,98.55984232
1934.16558,98.53941961
1932.12532,98.55984232
1930.08506,98.59388956
1928.0448,98.58707917
1926.00454,98.44190288
1923.96428,98.1567115
1921.92402,98.02119663
1919.88376,98.04151192
1917.8435,98.0844136
1915.80324,98.29241373
1913.76299,98.4713745
1911.72273,98.37619027
1909.68247,98.19740249
1907.64221,98.23358641
1905.60195,98.41697224
1903.56169,98.5280755
1901.52143,98.56438127
1899.48117,98.55530357
1897.44091,98.4464364
1895.40065,98.32863266
1893.3604,98.31278524
1891.32014,98.22001588
1889.27988,98.12281523
1887.23962,98.27204644
1885.19936,98.4464364
1883.1591,98.51900114
1881.11884,98.55757292
1879.07858,98.5734598
1877.03832,98.59161938
1874.99806,98.5734598
1872.9578,98.37165998
1870.91755,97.81377043
1868.87729,97.25904481
1866.83703,97.48100545
1864.79677,98.09344793
1862.75651,98.39657914
1860.71625,98.4260372
1858.67599,98.43510299
1856.63573,98.50085494
1854.59547,98.56892043
1852.55521,98.56438127
1850.51496,98.41244007
1848.4747,98.06408942
1846.43444,97.57757032
1844.39418,97.28368212
1842.35392,97.64050119
1840.31366,98.14767135
1838.2734,98.29015049
1836.23314,98.29015049
1834.19288,98.27883507
1832.15262,97.95350936
1830.11237,97.47427194
1828.07211,97.46305044
1826.03185,97.68322739
1823.99159,97.90841049
1821.95133,98.24263448
1819.91107,98.43283646
1817.87081,98.43736956
1815.83055,98.42150461
1813.79029,98.27657214
1811.75003,97.99185974
1809.70977,97.93546732
1807.66952,98.14767135
1805.62926,98.25168337
1803.589,98.00539875
1801.54874,97.61127824
1799.50848,97.53489033
1797.46822,97.63375666
1795.42796,97.46529464
1793.3877,97.03312092
1791.34744,97.03758956
1789.30718,97.69222477
1787.26693,98.11829661
1785.22667,98.08893066
1783.18641,97.915174
1781.14615,97.74847712
1779.10589,97.75522958
1777.06563,97.78674722
1775.02537,97.38229381
1772.98511,96.6807476
1770.94485,96.60063917
1768.90459,97.20307411
1766.86433,97.80025789
1764.82408,98.00088554
1762.78382,97.7462264
1760.74356,97.55959753
1758.7033,97.60903069
1756.66304,97.68322739
1754.62278,97.71922186
1752.58252,97.25680536
1750.54226,96.36071193
1748.502,96.08376226
1746.46174,96.49615306
1744.42149,96.85900425
1742.38123,96.98621259
1740.34097,97.02641834
1738.30071,97.08228731
1736.26045,96.7742914
1734.22019,96.05279351
1732.17993,96.17008502
1730.13967,97.01748229
1728.09941,97.78674722
1726.05915,98.14767135
1724.01889,98.0844136
1721.97864,97.80926605
1719.93838,97.04652746
1717.89812,95.74365443
1715.85786,95.49266197
1713.8176,96.54727043
1711.77734,97.40471949
1709.73708,97.58655796
1707.69682,97.15832075
1705.65656,96.58507024
1703.6163,96.32078204
1701.57605,95.87160544
1699.53579,95.19190103
1697.49553,95.23794153
1695.45527,96.15679955
1693.41501,97.22321985
1691.37475,97.5101894
1689.33449,97.15608362
1687.29423,96.52726476
1685.25397,95.51905122
1683.21371,95.24671367
1681.17345,96.28086868
1679.1332,97.08899375
1677.09294,97.24336977
1675.05268,97.00407975
1673.01242,96.79434827
1670.97216,96.48282255
1668.9319,96.58729422
1666.89164,97.3665989
1664.85138,97.67647991
1662.81112,97.48773943
1660.77086,97.66973289
1658.73061,97.93095733
1656.69035,97.45856221
1654.65009,96.01299121
1652.60983,95.18970918
1650.56957,95.9201833
1648.52931,95.8980994
1646.48905,95.86056845
1644.44879,96.93486281
1642.40853,97.75522958
1640.36827,97.74172513
1638.32801,96.98397942
1636.28776,96.15015751
1634.2475,96.77206311
1632.20724,97.8205274
1630.16698,98.06408942
1628.12672,97.80025789
1626.08646,97.51243468
1624.0462,97.26352386
1622.00594,97.34866496
1619.96568,97.5461201
1617.92542,97.27696224
1615.88517,97.22993603
1613.84491,97.84080111
1611.80465,98.16801286
1609.76439,98.07763841
1607.72413,98.03699705
1605.68387,98.14541144
1603.64361,98.19061948
1601.60335,98.24263448
1599.56309,98.36033518
1597.52283,98.36939492
1595.48257,98.26752095
1593.44232,98.25394573
1591.40206,98.33768948
1589.3618,98.44416961
1587.32154,98.54622671
1585.28128,98.59843008
1583.24102,98.57799938
1581.20076,98.43283646
1579.1605,97.92193797
1577.12024,97.10240802
1575.07998,97.03982396
1573.03973,97.50345387
1570.99947,97.33297548
1568.95921,97.05099672
1566.91895,97.32849323
1564.87869,97.5101894
1562.83843,97.18069485
1560.79817,95.87381299
1558.75791,94.126086
1556.71765,94.90738339
1554.67739,96.17672845
1552.63713,96.79880592
1550.59688,97.01078079
1548.55662,97.09570065
1546.51636,96.74310008
1544.4761,95.57625293
1542.43584,94.08708208
1540.39558,93.57719005
1538.35532,95.09550739
1536.31506,96.19887651
1534.2748,96.21659863
1532.23454,96.36736853
1530.19429,96.76092246
1528.15403,96.51170766
1526.11377,95.87160544
1524.07351,95.2598734
1522.03325,94.70000458
1519.99299,94.7523522
1517.95273,95.11740646
1515.91247,95.68635253
1513.87221,96.38290236
1511.83195,96.30747575
1509.79169,95.11302625
1507.75144,93.65479121
1505.71118,94.76544362
1503.67092,96.69410546
1501.63066,97.29712329
1499.5904,97.02195021
1497.55014,96.6807476
1495.50988,97.04429291
1493.46962,97.37780929
1491.42936,96.80103482
1489.3891,96.05721701
1487.34885,96.60953683
1485.30859,97.63375666
1483.26833,98.10022422
1481.22807,98.11829661
1479.18781,97.96027599
1477.14755,97.43612413
1475.10729,96.50504109
1473.06703,95.98204526
1471.02677,96.80772183
1468.98651,97.77774114
1466.94625,97.88361496
1464.906,97.62476467
1462.86574,97.70347265
1460.82548,97.40471949
1458.78522,96.17229945
1456.74496,95.47067651
1454.7047,96.59619065
1452.66444,97.60453573
1450.62418,97.93546732
1448.58392,97.88812277
1446.54366,98.02119663
1444.50341,98.38298609
1442.46315,98.57572957
1440.42289,98.41470613
1438.38263,97.82728484
1436.34237,97.32849323
1434.30211,97.59554643
1432.26185,97.88586884
1430.22159,97.92870241
1428.18133,98.08667211
1426.14107,98.12281523
1424.10081,97.88586884
1422.06056,97.61352585
1420.0203,97.16503244
1417.98004,97.04205841
1415.93978,97.7462264
1413.89952,98.36033518
1411.85926,98.54622671
1409.819,98.57799938
1407.77874,98.51673269
1405.73848,98.33089679
1403.69822,98.32863266
1401.65797,98.29920376
1399.61771,97.82953742
1397.57745,97.33521668
1395.53719,97.33745793
1393.49693,97.85657246
1391.45667,98.315049
1389.41641,98.19966359
1387.37615,97.92644755
1385.33589,98.1747943
1383.29563,98.55757292
1381.25537,98.62340668
1379.21512,98.47590938
1377.17486,98.17705489
1375.1346,97.82728484
1373.09434,97.89488488
1371.05408,98.25620813
1369.01382,98.41244007
1366.97356,98.38978238
1364.9333,98.09570664
1362.89304,97.71472182
1360.85278,97.90390174
1358.81253,98.35127627
1356.77227,98.51446428
1354.73201,98.52353822
1352.69175,98.56438127
1350.65149,98.59161938
1348.61123,98.60070042
1346.57097,98.63249065
1344.53071,98.6097823
1342.49045,98.29694037
1340.45019,97.71247188
1338.40993,97.56409042
1336.36968,98.0505423
1334.32942,98.51673269
1332.28916,98.70973819
1330.2489,98.73019619
1328.20864,98.69837446
1326.16838,98.68019522
1324.12812,98.64838961
1322.08786,98.51673269
1320.0476,98.30599427
1318.00734,98.23132453
1315.96709,98.31278524
1313.92683,98.38525147
1311.88657,98.48951527
1309.84631,98.61659425
1307.80605,98.66656299
1305.76579,98.68928442
1303.72553,98.7256496
1301.68527,98.75065843
1299.64501,98.73474298
1297.60475,98.69382934
1295.56449,98.68928442
1293.52424,98.72110322
1291.48398,98.71201109
1289.44372,98.6506611
1287.40346,98.62340668
1285.3632,98.66429114
1283.32294,98.70519254
1281.28268,98.72110322
1279.24242,98.72792287
1277.20216,98.73701646
1275.1619,98.73928999
1273.12165,98.69382934
1271.08139,98.64838961
1269.04113,98.6688349
1267.00087,98.73246956
1264.96061,98.77794801
1262.92035,98.77112491
1260.88009,98.73701646
1258.83983,98.75975412
1256.79957,98.84620497
1254.75931,98.90767657
1252.71905,98.91223154
1250.6788,98.89629005
1248.63854,98.87807436
1246.59828,98.84392898
1244.55802,98.81662117
1242.51776,98.83027413
1240.4775,98.85075712
1238.43724,98.85303326
1236.39698,98.85303326
1234.35672,98.8644148
1232.31646,98.88718179
1230.27621,98.89856725
1228.23595,98.87579764
1226.19569,98.83937716
1224.15543,98.82799851
1222.11517,98.84392898
1220.07491,98.85758572
1218.03465,98.85303326
1215.99439,98.82572294
1213.95413,98.78704622
1211.91387,98.77794801
1209.87361,98.80524514
1207.83336,98.8120706
1205.7931,98.79614526
1203.75284,98.78704622
1201.71258,98.78477159
1199.67232,98.79387042
1197.63206,98.80297009
1195.5918,98.79614526
1193.55154,98.79159563
1191.51128,98.79159563
1189.47102,98.78022249
1187.43077,98.76202817
1185.39051,98.76657644
1183.35025,98.77794801
1181.30999,98.78022249
1179.26973,98.7893209
1177.22947,98.79159563
1175.18921,98.76430228
1173.14895,98.74383721
1171.10869,98.76202817
1169.06843,98.78477159
1167.02817,98.78022249
1164.98792,98.78022249
1162.94766,98.78477159
1160.9074,98.76202817
1158.86714,98.7461109
1156.82688,98.74838464
1154.78662,98.74156357
1152.74636,98.72792287
1150.7061,98.74383721
1148.66584,98.76885065
1146.62558,98.77567359
1144.58533,98.77112491
1142.54507,98.76202817
1140.50481,98.74838464
1138.46455,98.74383721
1136.42429,98.73701646
1134.38403,98.73246956
1132.34377,98.75748012
1130.30351,98.7893209
1128.26325,98.79387042
1126.22299,98.79159563
1124.18273,98.80069509
1122.14248,98.81434586
1120.10222,98.82799851
1118.06196,98.84165304
1116.0217,98.84165304
1113.98144,98.84392898
1111.94118,98.85303326
1109.90092,98.86896777
1107.86066,98.88718179
1105.8204,98.89629005
1103.78014,98.89629005
1101.73989,98.9031218
1099.69963,98.93045352
1097.65937,98.96690756
1095.61911,98.98286043
1093.57885,98.98741886
1091.53859,99.00109543
1089.49833,99.0352951
1087.45807,99.08091304
1085.41781,99.11970481
1083.37755,99.15166238
1081.33729,99.19048185
1079.29704,99.23617128
1077.25678,99.26588069
1075.21652,99.28874013
1073.17626,99.30017183
1071.136,99.29559899
1069.09574,99.30931813
1067.05548,99.34362428
1065.01522,99.33447482
1062.97496,99.27730975
1060.9347,99.26359503
1058.89445,99.31846528
1056.85419,99.37107773
1054.81393,99.35963787
1052.77367,99.33218758
1050.73341,99.3299004
1048.69315,99.3299004
1046.65289,99.3299004
1044.61263,99.3138916
1042.57237,99.25902388
1040.53211,99.19961805
1038.49185,99.16992847
1036.4516,99.15166238
1034.41134,99.10601186
1032.37108,99.04213645
1030.33082,99.02845422
1028.29056,99.05125899
1026.2503,99.02161381
1024.21004,98.96462879
1022.16978,98.94867886
1020.12952,98.94640051
1018.08926,98.91678672
1016.04901,98.87579764
1014.00875,98.86669126
1011.96849,98.86669126
1009.92823,98.84165304
1007.88797,98.81889653
1005.84771,98.82572294
1003.80745,98.84620497
1001.76719,98.85075712
999.72693,98.83482554
997.68667,98.81662117
995.64641,98.80752024
993.60616,98.80297009
991.5659,98.78477159
989.52564,98.75975412
987.48538,98.74383721
985.44512,98.73246956
983.40486,98.71883011
981.3646,98.71201109
979.32434,98.71201109
977.28408,98.7256496
975.24382,98.75293227
973.20357,98.76430228
971.16331,98.74156357
969.12305,98.70973819
967.08279,98.69610187
965.04253,98.68701204
963.00227,98.68473972
960.96201,98.68701204
958.92175,98.7006471
956.88149,98.73019619
954.84123,98.74383721
952.80097,98.75293227
950.76072,98.76657644
948.72046,98.73701646
946.6802,98.69382934
944.63994,98.69382934
942.59968,98.71883011
940.55942,98.73928999
938.51916,98.76430228
936.4789,98.77794801
934.43864,98.75520617
932.39838,98.72337638
930.35813,98.71883011
928.31787,98.7256496
926.27761,98.71428404
924.23735,98.71428404
922.19709,98.72792287
920.15683,98.7256496
918.11657,98.73246956
916.07631,98.76657644
914.03605,98.80752024
911.99579,98.81662117
909.95553,98.78249701
907.91528,98.75520617
905.87502,98.75748012
903.83476,98.76885065
901.7945,98.77567359
899.75424,98.76430228
897.71398,98.76657644
895.67372,98.80524514
893.63346,98.82572294
891.5932,98.8120706
889.55294,98.80524514
887.51269,98.81889653
885.47243,98.81889653
883.43217,98.81434586
881.39191,98.83710132
879.35165,98.85758572
877.31139,98.84392898
875.27113,98.82799851
873.23087,98.83027413
871.19061,98.83710132
869.15035,98.83710132
867.11009,98.81889653
865.06984,98.79159563
863.02958,98.77112491
860.98932,98.75975412
858.94906,98.75975412
856.9088,98.74838464
854.86854,98.75520617
852.82828,98.78022249
850.78802,98.80979539
848.74776,98.82344741
846.7075,98.80524514
844.66725,98.76885065
842.62699,98.73246956
840.58673,98.71655705
838.54647,98.68019522
836.50621,98.62794856
834.46595,98.65520424
832.42569,98.75520617
830.38543,98.81662117
828.34517,98.80979539
826.30491,98.73019619
824.26465,98.65974758
822.2244,98.68473972
820.18414,98.76885065
818.14388,98.84392898
816.10362,98.85075712
814.06336,98.73928999
812.0231,98.52580683
809.98284,98.46910714
807.94258,98.6506611
805.90232,98.76430228
803.86206,98.75520617
801.82181,98.74383721
799.78155,98.7006471
797.74129,98.64157546
795.70103,98.63476178
793.66077,98.65293264
791.62051,98.6506611
789.58025,98.66429114
787.53999,98.68019522
785.49973,98.68246744
783.45947,98.70519254
781.41921,98.70746534
779.37896,98.65293264
777.3387,98.63021958
775.29844,98.67337887
773.25818,98.72337638
771.21792,98.73701646
769.17766,98.73019619
767.1374,98.73701646
765.09714,98.76885065
763.05688,98.80752024
761.01662,98.80069509
758.97637,98.73246956
756.93611,98.67792305
754.89585,98.69837446
752.85559,98.75748012
750.81533,98.76885065
748.77507,98.70746534
746.73481,98.65747588
744.69455,98.65974758
742.65429,98.66656299
740.61403,98.68473972
738.57377,98.70519254
736.53352,98.72110322
734.49326,98.71655705
732.453,98.66429114
730.41274,98.61432355
728.37248,98.62113582
726.33222,98.65520424
724.29196,98.62113582
722.2517,98.53034422
720.21144,98.50539118
718.17118,98.53261299
716.13093,98.51219593
714.09067,98.52580683
712.05041,98.61432355
710.01015,98.65293264
707.96989,98.59615979
705.92963,98.52353822
703.88937,98.4917831
701.84911,98.48044447
699.80885,98.48271209
697.76859,98.48724749
695.72833,98.47364191
693.68808,98.44870324
691.64782,98.41697224
689.60756,98.34674714
687.5673,98.30373071
685.52704,98.32636859
683.48678,98.29241373
681.44652,98.17931552
679.40626,98.10700097
677.366,98.16349216
675.32574,98.29241373
673.28549,98.33089679
671.24523,98.10700097
669.20497,97.7462264
667.16471,97.843054
665.12445,98.17931552
663.08419,98.20192475
661.04393,98.08893066
659.00367,98.07763841
656.96341,98.12733406
654.92315,98.0595735
652.88289,97.96027599
650.84264,98.05505779
648.80238,98.20870853
646.76212,98.26525828
644.72186,98.27204644
642.6816,98.22906269
640.64134,98.10022422
638.60108,97.96929888
636.56082,97.88361496
634.52056,97.87009277
632.4803,98.01216896
630.44005,98.13637233
628.39979,98.04602701
626.35953,97.89488488
624.31927,97.87009277
622.27901,97.87685363
620.23875,97.7327232
618.19849,97.55061237
616.15823,97.57307681
614.11797,97.67198184
612.07771,97.60678318
610.03746,97.50569899
607.9972,97.43612413
605.95694,97.33297548
603.91668,97.33745793
601.87642,97.53264454
599.83616,97.68772598