TITLE SAMPLE NAME:,PP_CHOCO_AMUL
DATA TYPE:,Infrared Spectrum
MEASUREMENT INFORMATION:,FTIR Spectrophotometer
MODEL NAME:,FTIR
SERIAL No:,
ACCESSORY:,ATR
LIGHT SOURCE:,
RESOLUTION:,4 cm-1
XUNITS/ HORIZONTAL AXIS:,Wavenumber [cm-1]
YUNITS/ VERTICAL AXIS:,Transmittance %T
FIRSTX:,3996.82516
FIRSTY:,98.979
LASTX:,599.82981
LASTY:,100.1
NPOINTS:,1681
3996.82516,98.979
3994.78492,98.952
3992.74468,98.923
3990.70444,98.899
3988.66421,98.874
3986.62397,98.85
3984.58373,98.843
3982.5435,98.874
3980.50326,98.93
3978.46302,98.97
3976.42278,98.969
3974.38255,98.944
3972.34231,98.933
3970.30207,98.946
3968.26183,98.952
3966.2216,98.941
3964.18136,98.94
3962.14112,98.955
3960.10088,98.968
3958.06065,98.971
3956.02041,98.974
3953.98017,98.989
3951.93993,98.983
3949.8997,98.93
3947.85946,98.882
3945.81922,98.89
3943.77898,98.93
3941.73875,98.951
3939.69851,98.936
3937.65827,98.893
3935.61803,98.847
3933.5778,98.817
3931.53756,98.821
3929.49732,98.872
3927.45708,98.926
3925.41685,98.932
3923.37661,98.887
3921.33637,98.827
3919.29613,98.793
3917.2559,98.801
3915.21566,98.837
3913.17542,98.884
3911.13518,98.919
3909.09495,98.925
3907.05471,98.914
3905.01447,98.893
3902.97423,98.857
3900.934,98.825
3898.89376,98.838
3896.85352,98.882
3894.81329,98.907
3892.77305,98.903
3890.73281,98.899
3888.69257,98.908
3886.65234,98.902
3884.6121,98.872
3882.57186,98.842
3880.53162,98.83
3878.49139,98.862
3876.45115,98.926
3874.41091,98.968
3872.37067,98.956
3870.33044,98.908
3868.2902,98.883
3866.24996,98.885
3864.20972,98.865
3862.16949,98.848
3860.12925,98.873
3858.08901,98.901
3856.04877,98.896
3854.00854,98.867
3851.9683,98.845
3849.92806,98.861
3847.88782,98.888
3845.84759,98.898
3843.80735,98.901
3841.76711,98.92
3839.72687,98.949
3837.68664,98.964
3835.6464,98.948
3833.60616,98.897
3831.56592,98.851
3829.52569,98.858
3827.48545,98.905
3825.44521,98.947
3823.40497,98.979
3821.36474,99.027
3819.3245,99.085
3817.28426,99.099
3815.24402,99.053
3813.20379,99.02
3811.16355,99.038
3809.12331,99.065
3807.08307,99.064
3805.04284,99.058
3803.0026,99.06
3800.96236,99.044
3798.92213,99.016
3796.88189,98.996
3794.84165,98.979
3792.80141,98.969
3790.76118,98.974
3788.72094,98.984
3786.6807,98.985
3784.64046,98.974
3782.60023,98.955
3780.55999,98.942
3778.51975,98.957
3776.47951,98.994
3774.43928,99.012
3772.39904,98.999
3770.3588,98.977
3768.31856,98.956
3766.27833,98.933
3764.23809,98.924
3762.19785,98.926
3760.15761,98.906
3758.11738,98.874
3756.07714,98.888
3754.0369,98.94
3751.99666,98.982
3749.95643,99
3747.91619,99.009
3745.87595,99.012
3743.83571,99.013
3741.79548,99.03
3739.75524,99.039
3737.715,98.995
3735.67476,98.916
3733.63453,98.892
3731.59429,98.919
3729.55405,98.92
3727.51381,98.893
3725.47358,98.878
3723.43334,98.89
3721.3931,98.909
3719.35286,98.93
3717.31263,98.953
3715.27239,98.959
3713.23215,98.931
3711.19191,98.886
3709.15168,98.878
3707.11144,98.92
3705.0712,98.965
3703.03097,98.972
3700.99073,98.962
3698.95049,98.966
3696.91025,98.96
3694.87002,98.926
3692.82978,98.899
3690.78954,98.907
3688.7493,98.941
3686.70907,98.975
3684.66883,98.992
3682.62859,98.98
3680.58835,98.943
3678.54812,98.908
3676.50788,98.928
3674.46764,99.004
3672.4274,99.055
3670.38717,99.037
3668.34693,98.986
3666.30669,98.954
3664.26645,98.931
3662.22622,98.919
3660.18598,98.936
3658.14574,98.951
3656.1055,98.943
3654.06527,98.95
3652.02503,98.978
3649.98479,98.979
3647.94455,98.939
3645.90432,98.907
3643.86408,98.907
3641.82384,98.938
3639.7836,98.978
3637.74337,98.997
3635.70313,98.989
3633.66289,98.972
3631.62265,98.955
3629.58242,98.935
3627.54218,98.927
3625.50194,98.932
3623.4617,98.919
3621.42147,98.881
3619.38123,98.849
3617.34099,98.848
3615.30075,98.854
3613.26052,98.862
3611.22028,98.901
3609.18004,98.949
3607.13981,98.964
3605.09957,98.956
3603.05933,98.962
3601.01909,98.973
3598.97886,98.953
3596.93862,98.898
3594.89838,98.859
3592.85814,98.877
3590.81791,98.921
3588.77767,98.93
3586.73743,98.913
3584.69719,98.923
3582.65696,98.957
3580.61672,98.987
3578.57648,99.004
3576.53624,99.014
3574.49601,99.023
3572.45577,99.016
3570.41553,98.973
3568.37529,98.91
3566.33506,98.881
3564.29482,98.929
3562.25458,99.012
3560.21434,99.069
3558.17411,99.084
3556.13387,99.066
3554.09363,99.03
3552.05339,99.001
3550.01316,98.988
3547.97292,98.982
3545.93268,98.984
3543.89244,99.009
3541.85221,99.044
3539.81197,99.064
3537.77173,99.069
3535.73149,99.06
3533.69126,99.036
3531.65102,99.009
3529.61078,98.993
3527.57054,98.989
3525.53031,98.997
3523.49007,99.017
3521.44983,99.036
3519.40959,99.045
3517.36936,99.053
3515.32912,99.069
3513.28888,99.079
3511.24865,99.072
3509.20841,99.065
3507.16817,99.065
3505.12793,99.054
3503.0877,99.034
3501.04746,99.033
3499.00722,99.054
3496.96698,99.08
3494.92675,99.117
3492.88651,99.145
3490.84627,99.132
3488.80603,99.104
3486.7658,99.11
3484.72556,99.139
3482.68532,99.153
3480.64508,99.148
3478.60485,99.142
3476.56461,99.141
3474.52437,99.149
3472.48413,99.168
3470.4439,99.188
3468.40366,99.198
3466.36342,99.205
3464.32318,99.212
3462.28295,99.209
3460.24271,99.199
3458.20247,99.198
3456.16223,99.212
3454.122,99.234
3452.08176,99.248
3450.04152,99.237
3448.00128,99.218
3445.96105,99.228
3443.92081,99.256
3441.88057,99.274
3439.84033,99.288
3437.8001,99.281
3435.75986,99.25
3433.71962,99.243
3431.67938,99.259
3429.63915,99.258
3427.59891,99.27
3425.55867,99.314
3423.51843,99.336
3421.4782,99.329
3419.43796,99.333
3417.39772,99.335
3415.35749,99.319
3413.31725,99.305
3411.27701,99.3
3409.23677,99.289
3407.19654,99.289
3405.1563,99.324
3403.11606,99.361
3401.07582,99.371
3399.03559,99.353
3396.99535,99.336
3394.95511,99.328
3392.91487,99.335
3390.87464,99.364
3388.8344,99.389
3386.79416,99.378
3384.75392,99.354
3382.71369,99.351
3380.67345,99.365
3378.63321,99.373
3376.59297,99.375
3374.55274,99.383
3372.5125,99.39
3370.47226,99.401
3368.43202,99.419
3366.39179,99.42
3364.35155,99.411
3362.31131,99.424
3360.27107,99.455
3358.23084,99.472
3356.1906,99.462
3354.15036,99.451
3352.11012,99.461
3350.06989,99.477
3348.02965,99.472
3345.98941,99.465
3343.94917,99.475
3341.90894,99.48
3339.8687,99.475
3337.82846,99.477
3335.78822,99.481
3333.74799,99.473
3331.70775,99.469
3329.66751,99.485
3327.62727,99.5
3325.58704,99.487
3323.5468,99.466
3321.50656,99.472
3319.46633,99.493
3317.42609,99.492
3315.38585,99.468
3313.34561,99.455
3311.30538,99.469
3309.26514,99.489
3307.2249,99.498
3305.18466,99.482
3303.14443,99.447
3301.10419,99.434
3299.06395,99.448
3297.02371,99.452
3294.98348,99.458
3292.94324,99.481
3290.903,99.495
3288.86276,99.491
3286.82253,99.467
3284.78229,99.433
3282.74205,99.427
3280.70181,99.456
3278.66158,99.485
3276.62134,99.492
3274.5811,99.477
3272.54086,99.463
3270.50063,99.473
3268.46039,99.494
3266.42015,99.495
3264.37991,99.481
3262.33968,99.47
3260.29944,99.455
3258.2592,99.441
3256.21896,99.445
3254.17873,99.455
3252.13849,99.457
3250.09825,99.452
3248.05801,99.435
3246.01778,99.407
3243.97754,99.396
3241.9373,99.418
3239.89706,99.437
3237.85683,99.419
3235.81659,99.374
3233.77635,99.345
3231.73611,99.349
3229.69588,99.368
3227.65564,99.376
3225.6154,99.366
3223.57517,99.356
3221.53493,99.369
3219.49469,99.392
3217.45445,99.391
3215.41422,99.37
3213.37398,99.36
3211.33374,99.371
3209.2935,99.389
3207.25327,99.392
3205.21303,99.365
3203.17279,99.323
3201.13255,99.291
3199.09232,99.285
3197.05208,99.328
3195.01184,99.384
3192.9716,99.393
3190.93137,99.366
3188.89113,99.347
3186.85089,99.342
3184.81065,99.342
3182.77042,99.341
3180.73018,99.343
3178.68994,99.339
3176.6497,99.324
3174.60947,99.317
3172.56923,99.328
3170.52899,99.328
3168.48875,99.307
3166.44852,99.293
3164.40828,99.299
3162.36804,99.308
3160.3278,99.318
3158.28757,99.323
3156.24733,99.313
3154.20709,99.306
3152.16685,99.309
3150.12662,99.311
3148.08638,99.312
3146.04614,99.315
3144.0059,99.316
3141.96567,99.31
3139.92543,99.299
3137.88519,99.304
3135.84495,99.322
3133.80472,99.335
3131.76448,99.348
3129.72424,99.348
3127.68401,99.317
3125.64377,99.281
3123.60353,99.271
3121.56329,99.274
3119.52306,99.267
3117.48282,99.243
3115.44258,99.219
3113.40234,99.223
3111.36211,99.255
3109.32187,99.279
3107.28163,99.272
3105.24139,99.263
3103.20116,99.263
3101.16092,99.259
3099.12068,99.263
3097.08044,99.275
3095.04021,99.282
3092.99997,99.282
3090.95973,99.265
3088.91949,99.242
3086.87926,99.248
3084.83902,99.271
3082.79878,99.278
3080.75854,99.264
3078.71831,99.246
3076.67807,99.25
3074.63783,99.276
3072.59759,99.284
3070.55736,99.251
3068.51712,99.216
3066.47688,99.222
3064.43664,99.245
3062.39641,99.242
3060.35617,99.218
3058.31593,99.218
3056.27569,99.262
3054.23546,99.297
3052.19522,99.284
3050.15498,99.251
3048.11474,99.23
3046.07451,99.22
3044.03427,99.215
3041.99403,99.219
3039.95379,99.23
3037.91356,99.238
3035.87332,99.247
3033.83308,99.256
3031.79285,99.25
3029.75261,99.251
3027.71237,99.272
3025.67213,99.274
3023.6319,99.248
3021.59166,99.227
3019.55142,99.224
3017.51118,99.217
3015.47095,99.204
3013.43071,99.199
3011.39047,99.211
3009.35023,99.232
3007.31,99.238
3005.26976,99.234
3003.22952,99.24
3001.18928,99.249
2999.14905,99.241
2997.10881,99.222
2995.06857,99.21
2993.02833,99.204
2990.9881,99.207
2988.94786,99.228
2986.90762,99.251
2984.86738,99.251
2982.82715,99.23
2980.78691,99.204
2978.74667,99.183
2976.70643,99.16
2974.6662,99.121
2972.62596,99.073
2970.58572,99.01
2968.54548,98.925
2966.50525,98.828
2964.46501,98.732
2962.42477,98.621
2960.38453,98.5
2958.3443,98.425
2956.30406,98.392
2954.26382,98.351
2952.22358,98.283
2950.18335,98.199
2948.14311,98.144
2946.10287,98.176
2944.06264,98.287
2942.0224,98.414
2939.98216,98.516
2937.94192,98.576
2935.90169,98.569
2933.86145,98.517
2931.82121,98.467
2929.78097,98.407
2927.74074,98.309
2925.7005,98.187
2923.66026,98.052
2921.62002,97.918
2919.57979,97.802
2917.53955,97.711
2915.49931,97.675
2913.45907,97.698
2911.41884,97.73
2909.3786,97.753
2907.33836,97.807
2905.29812,97.898
2903.25789,97.98
2901.21765,98.041
2899.17741,98.106
2897.13717,98.172
2895.09694,98.234
2893.0567,98.298
2891.01646,98.337
2888.97622,98.348
2886.93599,98.355
2884.89575,98.363
2882.85551,98.372
2880.81527,98.368
2878.77504,98.34
2876.7348,98.308
2874.69456,98.286
2872.65432,98.262
2870.61409,98.24
2868.57385,98.228
2866.53361,98.231
2864.49337,98.26
2862.45314,98.318
2860.4129,98.383
2858.37266,98.442
2856.33242,98.494
2854.29219,98.505
2852.25195,98.476
2850.21171,98.464
2848.17148,98.479
2846.13124,98.481
2844.091,98.45
2842.05076,98.379
2840.01053,98.301
2837.97029,98.265
2835.93005,98.252
2833.88981,98.25
2831.84958,98.301
2829.80934,98.392
2827.7691,98.46
2825.72886,98.5
2823.68863,98.532
2821.64839,98.573
2819.60815,98.627
2817.56791,98.663
2815.52768,98.67
2813.48744,98.687
2811.4472,98.711
2809.40696,98.723
2807.36673,98.741
2805.32649,98.765
2803.28625,98.779
2801.24601,98.782
2799.20578,98.787
2797.16554,98.798
2795.1253,98.812
2793.08506,98.821
2791.04483,98.824
2789.00459,98.826
2786.96435,98.827
2784.92411,98.827
2782.88388,98.83
2780.84364,98.845
2778.8034,98.865
2776.76316,98.872
2774.72293,98.874
2772.68269,98.87
2770.64245,98.864
2768.60221,98.875
2766.56198,98.885
2764.52174,98.878
2762.4815,98.881
2760.44126,98.904
2758.40103,98.925
2756.36079,98.932
2754.32055,98.918
2752.28032,98.889
2750.24008,98.88
2748.19984,98.905
2746.1596,98.928
2744.11937,98.931
2742.07913,98.925
2740.03889,98.911
2737.99865,98.892
2735.95842,98.891
2733.91818,98.913
2731.87794,98.942
2729.8377,98.953
2727.79747,98.937
2725.75723,98.917
2723.71699,98.921
2721.67675,98.941
2719.63652,98.94
2717.59628,98.916
2715.55604,98.894
2713.5158,98.884
2711.47557,98.887
2709.43533,98.908
2707.39509,98.932
2705.35485,98.943
2703.31462,98.946
2701.27438,98.957
2699.23414,98.977
2697.1939,98.99
2695.15367,98.993
2693.11343,98.983
2691.07319,98.969
2689.03295,98.964
2686.99272,98.959
2684.95248,98.945
2682.91224,98.929
2680.872,98.927
2678.83177,98.93
2676.79153,98.925
2674.75129,98.926
2672.71105,98.939
2670.67082,98.95
2668.63058,98.951
2666.59034,98.944
2664.5501,98.941
2662.50987,98.951
2660.46963,98.959
2658.42939,98.956
2656.38916,98.951
2654.34892,98.936
2652.30868,98.922
2650.26844,98.93
2648.22821,98.945
2646.18797,98.948
2644.14773,98.95
2642.10749,98.958
2640.06726,98.966
2638.02702,98.967
2635.98678,98.953
2633.94654,98.94
2631.90631,98.952
2629.86607,98.982
2627.82583,99
2625.78559,98.986
2623.74536,98.958
2621.70512,98.942
2619.66488,98.948
2617.62464,98.958
2615.58441,98.954
2613.54417,98.949
2611.50393,98.945
2609.46369,98.937
2607.42346,98.945
2605.38322,98.97
2603.34298,98.977
2601.30274,98.969
2599.26251,98.968
2597.22227,98.969
2595.18203,98.956
2593.14179,98.931
2591.10156,98.926
2589.06132,98.948
2587.02108,98.963
2584.98084,98.962
2582.94061,98.966
2580.90037,98.976
2578.86013,98.984
2576.81989,98.985
2574.77966,98.973
2572.73942,98.956
2570.69918,98.956
2568.65894,98.967
2566.61871,98.978
2564.57847,98.987
2562.53823,98.984
2560.498,98.971
2558.45776,98.959
2556.41752,98.948
2554.37728,98.936
2552.33705,98.941
2550.29681,98.958
2548.25657,98.967
2546.21633,98.969
2544.1761,98.968
2542.13586,98.97
2540.09562,98.974
2538.05538,98.972
2536.01515,98.962
2533.97491,98.947
2531.93467,98.944
2529.89443,98.951
2527.8542,98.947
2525.81396,98.943
2523.77372,98.966
2521.73348,98.998
2519.69325,99.008
2517.65301,99
2515.61277,98.993
2513.57253,98.987
2511.5323,98.976
2509.49206,98.959
2507.45182,98.952
2505.41158,98.968
2503.37135,98.987
2501.33111,98.989
2499.29087,98.972
2497.25063,98.953
2495.2104,98.959
2493.17016,98.981
2491.12992,98.982
2489.08968,98.968
2487.04945,98.96
2485.00921,98.952
2482.96897,98.954
2480.92873,98.965
2478.8885,98.969
2476.84826,98.975
2474.80802,98.983
2472.76778,98.976
2470.72755,98.96
2468.68731,98.953
2466.64707,98.957
2464.60684,98.954
2462.5666,98.954
2460.52636,98.97
2458.48612,98.985
2456.44589,98.987
2454.40565,98.983
2452.36541,98.987
2450.32517,98.999
2448.28494,98.997
2446.2447,98.986
2444.20446,98.98
2442.16422,98.976
2440.12399,98.977
2438.08375,98.985
2436.04351,98.989
2434.00327,98.991
2431.96304,98.992
2429.9228,98.983
2427.88256,98.975
2425.84232,98.981
2423.80209,98.989
2421.76185,98.985
2419.72161,98.975
2417.68137,98.977
2415.64114,98.984
2413.6009,98.988
2411.56066,98.988
2409.52042,98.974
2407.48019,98.951
2405.43995,98.94
2403.39971,98.946
2401.35947,98.951
2399.31924,98.955
2397.279,98.956
2395.23876,98.949
2393.19852,98.933
2391.15829,98.92
2389.11805,98.919
2387.07781,98.928
2385.03757,98.935
2382.99734,98.921
2380.9571,98.886
2378.91686,98.856
2376.87662,98.856
2374.83639,98.888
2372.79615,98.928
2370.75591,98.951
2368.71568,98.96
2366.67544,98.98
2364.6352,99.025
2362.59496,99.064
2360.55473,99.068
2358.51449,99.066
2356.47425,99.083
2354.43401,99.07
2352.39378,99.004
2350.35354,98.938
2348.3133,98.918
2346.27306,98.937
2344.23283,98.972
2342.19259,99.012
2340.15235,99.06
2338.11211,99.09
2336.07188,99.072
2334.03164,99.016
2331.9914,98.954
2329.95116,98.924
2327.91093,98.927
2325.87069,98.935
2323.83045,98.922
2321.79021,98.884
2319.74998,98.845
2317.70974,98.837
2315.6695,98.856
2313.62926,98.878
2311.58903,98.878
2309.54879,98.867
2307.50855,98.872
2305.46831,98.892
2303.42808,98.91
2301.38784,98.924
2299.3476,98.936
2297.30736,98.939
2295.26713,98.939
2293.22689,98.945
2291.18665,98.946
2289.14641,98.943
2287.10618,98.948
2285.06594,98.957
2283.0257,98.956
2280.98546,98.946
2278.94523,98.938
2276.90499,98.943
2274.86475,98.952
2272.82452,98.953
2270.78428,98.952
2268.74404,98.959
2266.7038,98.977
2264.66357,99.007
2262.62333,99.029
2260.58309,99.014
2258.54285,98.971
2256.50262,98.949
2254.46238,98.959
2252.42214,98.97
2250.3819,98.97
2248.34167,98.966
2246.30143,98.967
2244.26119,98.983
2242.22095,98.988
2240.18072,98.978
2238.14048,98.962
2236.10024,98.946
2234.06,98.957
2232.01977,98.988
2229.97953,98.983
2227.93929,98.954
2225.89905,98.95
2223.85882,98.958
2221.81858,98.949
2219.77834,98.936
2217.7381,98.929
2215.69787,98.93
2213.65763,98.944
2211.61739,98.959
2209.57715,98.96
2207.53692,98.952
2205.49668,98.95
2203.45644,98.95
2201.4162,98.95
2199.37597,98.957
2197.33573,98.959
2195.29549,98.948
2193.25525,98.943
2191.21502,98.952
2189.17478,98.963
2187.13454,98.968
2185.0943,98.964
2183.05407,98.959
2181.01383,98.966
2178.97359,98.982
2176.93336,98.983
2174.89312,98.972
2172.85288,98.97
2170.81264,98.967
2168.77241,98.959
2166.73217,98.953
2164.69193,98.946
2162.65169,98.954
2160.61146,98.976
2158.57122,98.98
2156.53098,98.963
2154.49074,98.959
2152.45051,98.975
2150.41027,98.983
2148.37003,98.97
2146.32979,98.949
2144.28956,98.932
2142.24932,98.919
2140.20908,98.918
2138.16884,98.925
2136.12861,98.925
2134.08837,98.925
2132.04813,98.939
2130.00789,98.956
2127.96766,98.961
2125.92742,98.949
2123.88718,98.936
2121.84694,98.935
2119.80671,98.939
2117.76647,98.934
2115.72623,98.928
2113.68599,98.933
2111.64576,98.94
2109.60552,98.939
2107.56528,98.94
2105.52504,98.942
2103.48481,98.943
2101.44457,98.955
2099.40433,98.97
2097.36409,98.968
2095.32386,98.949
2093.28362,98.935
2091.24338,98.94
2089.20315,98.943
2087.16291,98.929
2085.12267,98.914
2083.08243,98.916
2081.0422,98.927
2079.00196,98.943
2076.96172,98.964
2074.92148,98.975
2072.88125,98.967
2070.84101,98.951
2068.80077,98.939
2066.76053,98.933
2064.7203,98.929
2062.68006,98.925
2060.63982,98.916
2058.59958,98.916
2056.55935,98.93
2054.51911,98.943
2052.47887,98.942
2050.43863,98.936
2048.3984,98.936
2046.35816,98.945
2044.31792,98.95
2042.27768,98.934
2040.23745,98.922
2038.19721,98.928
2036.15697,98.937
2034.11673,98.948
2032.0765,98.961
2030.03626,98.964
2027.99602,98.961
2025.95578,98.962
2023.91555,98.954
2021.87531,98.942
2019.83507,98.943
2017.79483,98.951
2015.7546,98.953
2013.71436,98.956
2011.67412,98.962
2009.63388,98.965
2007.59365,98.969
2005.55341,98.969
2003.51317,98.956
2001.47293,98.935
1999.4327,98.92
1997.39246,98.921
1995.35222,98.931
1993.31199,98.93
1991.27175,98.91
1989.23151,98.886
1987.19127,98.882
1985.15104,98.905
1983.1108,98.925
1981.07056,98.922
1979.03032,98.917
1976.99009,98.924
1974.94985,98.925
1972.90961,98.921
1970.86937,98.919
1968.82914,98.913
1966.7889,98.915
1964.74866,98.943
1962.70842,98.968
1960.66819,98.964
1958.62795,98.929
1956.58771,98.885
1954.54747,98.875
1952.50724,98.897
1950.467,98.915
1948.42676,98.922
1946.38652,98.923
1944.34629,98.911
1942.30605,98.896
1940.26581,98.904
1938.22557,98.919
1936.18534,98.914
1934.1451,98.901
1932.10486,98.905
1930.06462,98.915
1928.02439,98.92
1925.98415,98.917
1923.94391,98.903
1921.90367,98.894
1919.86344,98.9
1917.8232,98.9
1915.78296,98.897
1913.74272,98.908
1911.70249,98.922
1909.66225,98.917
1907.62201,98.894
1905.58177,98.882
1903.54154,98.891
1901.5013,98.899
1899.46106,98.901
1897.42083,98.903
1895.38059,98.903
1893.34035,98.904
1891.30011,98.907
1889.25988,98.901
1887.21964,98.892
1885.1794,98.896
1883.13916,98.912
1881.09893,98.916
1879.05869,98.908
1877.01845,98.914
1874.97821,98.933
1872.93798,98.939
1870.89774,98.93
1868.8575,98.91
1866.81726,98.881
1864.77703,98.865
1862.73679,98.879
1860.69655,98.905
1858.65631,98.919
1856.61608,98.917
1854.57584,98.914
1852.5356,98.91
1850.49536,98.897
1848.45513,98.88
1846.41489,98.873
1844.37465,98.869
1842.33441,98.86
1840.29418,98.863
1838.25394,98.88
1836.2137,98.898
1834.17346,98.908
1832.13323,98.916
1830.09299,98.916
1828.05275,98.901
1826.01251,98.878
1823.97228,98.862
1821.93204,98.854
1819.8918,98.844
1817.85156,98.832
1815.81133,98.832
1813.77109,98.843
1811.73085,98.86
1809.69061,98.878
1807.65038,98.885
1805.61014,98.87
1803.5699,98.833
1801.52967,98.812
1799.48943,98.829
1797.44919,98.86
1795.40895,98.881
1793.36872,98.885
1791.32848,98.864
1789.28824,98.84
1787.248,98.832
1785.20777,98.835
1783.16753,98.843
1781.12729,98.84
1779.08705,98.821
1777.04682,98.812
1775.00658,98.828
1772.96634,98.852
1770.9261,98.851
1768.88587,98.831
1766.84563,98.824
1764.80539,98.833
1762.76515,98.838
1760.72492,98.832
1758.68468,98.82
1756.64444,98.807
1754.6042,98.8
1752.56397,98.799
1750.52373,98.797
1748.48349,98.788
1746.44325,98.777
1744.40302,98.782
1742.36278,98.807
1740.32254,98.829
1738.2823,98.831
1736.24207,98.825
1734.20183,98.82
1732.16159,98.813
1730.12135,98.806
1728.08112,98.806
1726.04088,98.821
1724.00064,98.841
1721.9604,98.86
1719.92017,98.876
1717.87993,98.872
1715.83969,98.837
1713.79945,98.806
1711.75922,98.803
1709.71898,98.823
1707.67874,98.842
1705.63851,98.837
1703.59827,98.812
1701.55803,98.807
1699.51779,98.84
1697.47756,98.88
1695.43732,98.882
1693.39708,98.844
1691.35684,98.805
1689.31661,98.803
1687.27637,98.851
1685.23613,98.899
1683.19589,98.868
1681.15566,98.812
1679.11542,98.809
1677.07518,98.838
1675.03494,98.867
1672.99471,98.892
1670.95447,98.894
1668.91423,98.859
1666.87399,98.829
1664.83376,98.836
1662.79352,98.856
1660.75328,98.867
1658.71304,98.881
1656.67281,98.906
1654.63257,98.93
1652.59233,98.928
1650.55209,98.924
1648.51186,98.927
1646.47162,98.897
1644.43138,98.851
1642.39114,98.846
1640.35091,98.884
1638.31067,98.945
1636.27043,98.987
1634.23019,98.972
1632.18996,98.944
1630.14972,98.951
1628.10948,98.973
1626.06924,98.975
1624.02901,98.949
1621.98877,98.923
1619.94853,98.939
1617.90829,98.978
1615.86806,98.976
1613.82782,98.936
1611.78758,98.904
1609.74735,98.889
1607.70711,98.887
1605.66687,98.898
1603.62663,98.904
1601.5864,98.892
1599.54616,98.879
1597.50592,98.884
1595.46568,98.898
1593.42545,98.897
1591.38521,98.881
1589.34497,98.863
1587.30473,98.85
1585.2645,98.85
1583.22426,98.859
1581.18402,98.87
1579.14378,98.889
1577.10355,98.908
1575.06331,98.897
1573.02307,98.874
1570.98283,98.865
1568.9426,98.85
1566.90236,98.831
1564.86212,98.833
1562.82188,98.854
1560.78165,98.889
1558.74141,98.895
1556.70117,98.844
1554.66093,98.81
1552.6207,98.793
1550.58046,98.773
1548.54022,98.751
1546.49998,98.732
1544.45975,98.748
1542.41951,98.834
1540.37927,98.91
1538.33903,98.878
1536.2988,98.828
1534.25856,98.812
1532.21832,98.798
1530.17808,98.772
1528.13785,98.748
1526.09761,98.744
1524.05737,98.778
1522.01713,98.821
1519.9769,98.82
1517.93666,98.786
1515.89642,98.76
1513.85619,98.75
1511.81595,98.736
1509.77571,98.725
1507.73547,98.753
1505.69524,98.794
1503.655,98.792
1501.61476,98.773
1499.57452,98.778
1497.53429,98.809
1495.49405,98.834
1493.45381,98.827
1491.41357,98.803
1489.37334,98.806
1487.3331,98.848
1485.29286,98.873
1483.25262,98.865
1481.21239,98.863
1479.17215,98.883
1477.13191,98.904
1475.09167,98.909
1473.05144,98.884
1471.0112,98.824
1468.97096,98.745
1466.93072,98.651
1464.89049,98.539
1462.85025,98.436
1460.81001,98.374
1458.76977,98.328
1456.72954,98.258
1454.6893,98.194
1452.64906,98.176
1450.60882,98.19
1448.56859,98.23
1446.52835,98.3
1444.48811,98.391
1442.44787,98.483
1440.40764,98.549
1438.3674,98.579
1436.32716,98.597
1434.28692,98.64
1432.24669,98.7
1430.20645,98.751
1428.16621,98.785
1426.12597,98.79
1424.08574,98.788
1422.0455,98.815
1420.00526,98.843
1417.96503,98.834
1415.92479,98.823
1413.88455,98.838
1411.84431,98.865
1409.80408,98.89
1407.76384,98.904
1405.7236,98.915
1403.68336,98.94
1401.64313,98.968
1399.60289,98.972
1397.56265,98.955
1395.52241,98.937
1393.48218,98.934
1391.44194,98.955
1389.4017,98.983
1387.36146,98.997
1385.32123,98.99
1383.28099,98.926
1381.24075,98.743
1379.20051,98.436
1377.16028,98.109
1375.12004,97.92
1373.0798,97.959
1371.03956,98.152
1368.99933,98.377
1366.95909,98.543
1364.91885,98.601
1362.87861,98.586
1360.83838,98.577
1358.79814,98.588
1356.7579,98.598
1354.71766,98.621
1352.67743,98.67
1350.63719,98.727
1348.59695,98.763
1346.55671,98.776
1344.51648,98.786
1342.47624,98.792
1340.436,98.79
1338.39576,98.802
1336.35553,98.835
1334.31529,98.866
1332.27505,98.886
1330.23481,98.901
1328.19458,98.909
1326.15434,98.92
1324.1141,98.949
1322.07387,98.978
1320.03363,98.99
1317.99339,99
1315.95315,99.01
1313.91292,99.001
1311.87268,98.987
1309.83244,98.983
1307.7922,98.974
1305.75197,98.947
1303.71173,98.916
1301.67149,98.898
1299.63125,98.888
1297.59102,98.869
1295.55078,98.846
1293.51054,98.826
1291.4703,98.806
1289.43007,98.797
1287.38983,98.801
1285.34959,98.813
1283.30935,98.826
1281.26912,98.836
1279.22888,98.841
1277.18864,98.832
1275.1484,98.815
1273.10817,98.807
1271.06793,98.805
1269.02769,98.797
1266.98745,98.788
1264.94722,98.777
1262.90698,98.772
1260.86674,98.779
1258.8265,98.779
1256.78627,98.766
1254.74603,98.763
1252.70579,98.782
1250.66555,98.791
1248.62532,98.774
1246.58508,98.758
1244.54484,98.756
1242.5046,98.759
1240.46437,98.775
1238.42413,98.782
1236.38389,98.753
1234.34366,98.723
1232.30342,98.716
1230.26318,98.714
1228.22294,98.704
1226.18271,98.687
1224.14247,98.667
1222.10223,98.653
1220.06199,98.653
1218.02176,98.653
1215.98152,98.632
1213.94128,98.621
1211.90104,98.649
1209.86081,98.684
1207.82057,98.693
1205.78033,98.692
1203.74009,98.715
1201.69986,98.744
1199.65962,98.744
1197.61938,98.723
1195.57914,98.703
1193.53891,98.679
1191.49867,98.659
1189.45843,98.666
1187.41819,98.686
1185.37796,98.699
1183.33772,98.717
1181.29748,98.738
1179.25724,98.763
1177.21701,98.805
1175.17677,98.857
1173.13653,98.911
1171.09629,98.979
1169.05606,99.047
1167.01582,99.109
1164.97558,99.186
1162.93534,99.266
1160.89511,99.316
1158.85487,99.327
1156.81463,99.296
1154.77439,99.234
1152.73416,99.171
1150.69392,99.13
1148.65368,99.11
1146.61344,99.085
1144.57321,99.063
1142.53297,99.06
1140.49273,99.049
1138.4525,99.021
1136.41226,99.013
1134.37202,99.046
1132.33178,99.105
1130.29155,99.18
1128.25131,99.263
1126.21107,99.342
1124.17083,99.41
1122.1306,99.477
1120.09036,99.551
1118.05012,99.635
1116.00988,99.721
1113.96965,99.8
1111.92941,99.86
1109.88917,99.903
1107.84893,99.937
1105.8087,99.942
1103.76846,99.906
1101.72822,99.864
1099.68798,99.837
1097.64775,99.839
1095.60751,99.865
1093.56727,99.875
1091.52703,99.864
1089.4868,99.853
1087.44656,99.838
1085.40632,99.823
1083.36608,99.859
1081.32585,99.941
1079.28561,100.027
1077.24537,100.112
1075.20513,100.192
1073.1649,100.254
1071.12466,100.32
1069.08442,100.423
1067.04418,100.564
1065.00395,100.722
1062.96371,100.888
1060.92347,101.023
1058.88323,101.089
1056.843,101.126
1054.80276,101.171
1052.76252,101.203
1050.72228,101.203
1048.68205,101.176
1046.64181,101.145
1044.60157,101.121
1042.56134,101.114
1040.5211,101.148
1038.48086,101.223
1036.44062,101.305
1034.40039,101.375
1032.36015,101.426
1030.31991,101.453
1028.27967,101.459
1026.23944,101.443
1024.1992,101.413
1022.15896,101.379
1020.11872,101.347
1018.07849,101.311
1016.03825,101.244
1013.99801,101.163
1011.95777,101.113
1009.91754,101.085
1007.8773,101.053
1005.83706,101.02
1003.79682,100.988
1001.75659,100.947
999.71635,100.873
997.67611,100.804
995.63587,100.799
993.59564,100.84
991.5554,100.883
989.51516,100.91
987.47492,100.902
985.43469,100.859
983.39445,100.806
981.35421,100.732
979.31397,100.621
977.27374,100.48
975.2335,100.325
973.19326,100.206
971.15302,100.161
969.11279,100.164
967.07255,100.176
965.03231,100.18
962.99207,100.146
960.95184,100.08
958.9116,100.017
956.87136,99.963
954.83112,99.908
952.79089,99.843
950.75065,99.767
948.71041,99.697
946.67018,99.646
944.62994,99.615
942.5897,99.597
940.54946,99.571
938.50923,99.514
936.46899,99.444
934.42875,99.394
932.38851,99.376
930.34828,99.38
928.30804,99.4
926.2678,99.415
924.22756,99.398
922.18733,99.363
920.14709,99.342
918.10685,99.311
916.06661,99.276
914.02638,99.284
911.98614,99.303
909.9459,99.292
907.90566,99.284
905.86543,99.305
903.82519,99.335
901.78495,99.352
899.74471,99.353
897.70448,99.34
895.66424,99.339
893.624,99.352
891.58376,99.356
889.54353,99.365
887.50329,99.37
885.46305,99.335
883.42281,99.274
881.38258,99.211
879.34234,99.128
877.3021,99.023
875.26186,98.977
873.22163,99.021
871.18139,99.068
869.14115,99.056
867.10091,99.023
865.06068,99.026
863.02044,99.047
860.9802,99.044
858.93996,99.023
856.89973,99.01
854.85949,99.002
852.81925,98.982
850.77902,98.962
848.73878,98.97
846.69854,98.997
844.6583,98.997
842.61807,98.943
840.57783,98.852
838.53759,98.791
836.49735,98.806
834.45712,98.837
832.41688,98.839
830.37664,98.839
828.3364,98.818
826.29617,98.786
824.25593,98.802
822.21569,98.83
820.17545,98.834
818.13522,98.851
816.09498,98.876
814.05474,98.877
812.0145,98.864
809.97427,98.836
807.93403,98.74
805.89379,98.678
803.85355,98.8
801.81332,98.942
799.77308,98.931
797.73284,98.873
795.6926,98.857
793.65237,98.868
791.61213,98.912
789.57189,98.952
787.53165,98.92
785.49142,98.834
783.45118,98.753
781.41094,98.732
779.3707,98.788
777.33047,98.845
775.29023,98.87
773.24999,98.93
771.20975,99.005
769.16952,99
767.12928,98.947
765.08904,98.944
763.0488,98.988
761.00857,99.01
758.96833,98.972
756.92809,98.903
754.88786,98.866
752.84762,98.897
750.80738,98.955
748.76714,98.977
746.72691,98.975
744.68667,98.983
742.64643,99.003
740.60619,99.016
738.56596,99.002
736.52572,99.01
734.48548,99.064
732.44524,99.046
730.40501,98.973
728.36477,99.012
726.32453,99.103
724.28429,99.094
722.24406,99.036
720.20382,99.042
718.16358,99.077
716.12334,99.071
714.08311,99.056
712.04287,99.084
710.00263,99.174
707.96239,99.253
705.92216,99.231
703.88192,99.185
701.84168,99.197
699.80144,99.241
697.76121,99.289
695.72097,99.327
693.68073,99.316
691.64049,99.274
689.60026,99.284
687.56002,99.341
685.51978,99.359
683.47954,99.351
681.43931,99.426
679.39907,99.597
677.35883,99.742
675.31859,99.75
673.27836,99.635
671.23812,99.525
669.19788,99.557
667.15764,99.745
665.11741,99.91
663.07717,99.924
661.03693,99.831
658.9967,99.784
656.95646,99.845
654.91622,99.863
652.87598,99.81
650.83575,99.8
648.79551,99.763
646.75527,99.644
644.71503,99.589
642.6748,99.645
640.63456,99.709
638.59432,99.762
636.55408,99.796
634.51385,99.746
632.47361,99.698
630.43337,99.791
628.39313,99.952
626.3529,100.06
624.31266,100.223
622.27242,100.487
620.23218,100.514
618.19195,100.211
616.15171,100.01
614.11147,99.972
612.07123,99.924
610.031,100.014
607.99076,100.218
605.95052,100.29
603.91028,100.216
601.87005,100.103
599.82981,100.1