TITLE SAMPLE NAME:,PP_GREEN_LID_UPMA
DATA TYPE:,Infrared Spectrum
MEASUREMENT INFORMATION:,FTIR Spectrophotometer
MODEL NAME:,FTIR
SERIAL No:,
ACCESSORY:,ATR
LIGHT SOURCE:,
RESOLUTION:,4 cm-1
XUNITS/ HORIZONTAL AXIS:,Wavenumber [cm-1]
YUNITS/ VERTICAL AXIS:,Transmittance %T
FIRSTX:,3996.82516
FIRSTY:,97.587
LASTX:,599.82981
LASTY:,94.138
NPOINTS:,1681
3996.82516,97.587
3994.78492,97.531
3992.74468,97.500
3990.70444,97.498
3988.66421,97.495
3986.62397,97.500
3984.58373,97.521
3982.5435,97.544
3980.50326,97.556
3978.46302,97.545
3976.42278,97.513
3974.38255,97.486
3972.34231,97.480
3970.30207,97.479
3968.26183,97.476
3966.2216,97.488
3964.18136,97.509
3962.14112,97.512
3960.10088,97.508
3958.06065,97.513
3956.02041,97.516
3953.98017,97.522
3951.93993,97.533
3949.8997,97.531
3947.85946,97.518
3945.81922,97.508
3943.77898,97.481
3941.73875,97.449
3939.69851,97.452
3937.65827,97.477
3935.61803,97.491
3933.5778,97.490
3931.53756,97.500
3929.49732,97.520
3927.45708,97.527
3925.41685,97.525
3923.37661,97.534
3921.33637,97.550
3919.29613,97.541
3917.2559,97.497
3915.21566,97.466
3913.17542,97.488
3911.13518,97.539
3909.09495,97.568
3907.05471,97.542
3905.01447,97.482
3902.97423,97.454
3900.934,97.472
3898.89376,97.491
3896.85352,97.500
3894.81329,97.509
3892.77305,97.502
3890.73281,97.471
3888.69257,97.444
3886.65234,97.435
3884.6121,97.442
3882.57186,97.462
3880.53162,97.471
3878.49139,97.475
3876.45115,97.492
3874.41091,97.508
3872.37067,97.512
3870.33044,97.483
3868.2902,97.448
3866.24996,97.470
3864.20972,97.511
3862.16949,97.520
3860.12925,97.525
3858.08901,97.557
3856.04877,97.591
3854.00854,97.542
3851.9683,97.409
3849.92806,97.347
3847.88782,97.388
3845.84759,97.456
3843.80735,97.501
3841.76711,97.530
3839.72687,97.555
3837.68664,97.563
3835.6464,97.554
3833.60616,97.542
3831.56592,97.533
3829.52569,97.536
3827.48545,97.550
3825.44521,97.573
3823.40497,97.583
3821.36474,97.545
3819.3245,97.486
3817.28426,97.446
3815.24402,97.403
3813.20379,97.388
3811.16355,97.433
3809.12331,97.497
3807.08307,97.526
3805.04284,97.530
3803.0026,97.540
3800.96236,97.545
3798.92213,97.553
3796.88189,97.569
3794.84165,97.571
3792.80141,97.562
3790.76118,97.553
3788.72094,97.542
3786.6807,97.530
3784.64046,97.516
3782.60023,97.496
3780.55999,97.470
3778.51975,97.450
3776.47951,97.449
3774.43928,97.468
3772.39904,97.501
3770.3588,97.527
3768.31856,97.530
3766.27833,97.521
3764.23809,97.520
3762.19785,97.540
3760.15761,97.555
3758.11738,97.544
3756.07714,97.543
3754.0369,97.586
3751.99666,97.615
3749.95643,97.571
3747.91619,97.528
3745.87595,97.521
3743.83571,97.504
3741.79548,97.511
3739.75524,97.569
3737.715,97.608
3735.67476,97.548
3733.63453,97.444
3731.59429,97.412
3729.55405,97.435
3727.51381,97.462
3725.47358,97.489
3723.43334,97.508
3721.3931,97.506
3719.35286,97.497
3717.31263,97.514
3715.27239,97.557
3713.23215,97.587
3711.19191,97.560
3709.15168,97.503
3707.11144,97.477
3705.0712,97.479
3703.03097,97.491
3700.99073,97.507
3698.95049,97.522
3696.91025,97.526
3694.87002,97.535
3692.82978,97.568
3690.78954,97.599
3688.7493,97.575
3686.70907,97.529
3684.66883,97.518
3682.62859,97.528
3680.58835,97.538
3678.54812,97.552
3676.50788,97.557
3674.46764,97.549
3672.4274,97.554
3670.38717,97.534
3668.34693,97.489
3666.30669,97.489
3664.26645,97.520
3662.22622,97.535
3660.18598,97.535
3658.14574,97.519
3656.1055,97.494
3654.06527,97.518
3652.02503,97.582
3649.98479,97.587
3647.94455,97.512
3645.90432,97.464
3643.86408,97.472
3641.82384,97.486
3639.7836,97.487
3637.74337,97.491
3635.70313,97.505
3633.66289,97.520
3631.62265,97.515
3629.58242,97.472
3627.54218,97.430
3625.50194,97.438
3623.4617,97.476
3621.42147,97.516
3619.38123,97.525
3617.34099,97.488
3615.30075,97.455
3613.26052,97.456
3611.22028,97.469
3609.18004,97.468
3607.13981,97.460
3605.09957,97.464
3603.05933,97.475
3601.01909,97.479
3598.97886,97.468
3596.93862,97.449
3594.89838,97.441
3592.85814,97.449
3590.81791,97.447
3588.77767,97.406
3586.73743,97.362
3584.69719,97.370
3582.65696,97.400
3580.61672,97.409
3578.57648,97.404
3576.53624,97.398
3574.49601,97.401
3572.45577,97.435
3570.41553,97.474
3568.37529,97.454
3566.33506,97.389
3564.29482,97.358
3562.25458,97.366
3560.21434,97.371
3558.17411,97.378
3556.13387,97.408
3554.09363,97.438
3552.05339,97.444
3550.01316,97.445
3547.97292,97.440
3545.93268,97.422
3543.89244,97.420
3541.85221,97.434
3539.81197,97.431
3537.77173,97.403
3535.73149,97.378
3533.69126,97.380
3531.65102,97.393
3529.61078,97.403
3527.57054,97.405
3525.53031,97.402
3523.49007,97.408
3521.44983,97.427
3519.40959,97.436
3517.36936,97.433
3515.32912,97.445
3513.28888,97.464
3511.24865,97.453
3509.20841,97.428
3507.16817,97.419
3505.12793,97.414
3503.0877,97.395
3501.04746,97.387
3499.00722,97.402
3496.96698,97.416
3494.92675,97.418
3492.88651,97.416
3490.84627,97.410
3488.80603,97.398
3486.7658,97.396
3484.72556,97.409
3482.68532,97.422
3480.64508,97.425
3478.60485,97.423
3476.56461,97.421
3474.52437,97.411
3472.48413,97.392
3470.4439,97.367
3468.40366,97.349
3466.36342,97.360
3464.32318,97.389
3462.28295,97.410
3460.24271,97.408
3458.20247,97.393
3456.16223,97.393
3454.122,97.411
3452.08176,97.424
3450.04152,97.423
3448.00128,97.417
3445.96105,97.410
3443.92081,97.407
3441.88057,97.409
3439.84033,97.407
3437.8001,97.399
3435.75986,97.397
3433.71962,97.398
3431.67938,97.395
3429.63915,97.405
3427.59891,97.413
3425.55867,97.390
3423.51843,97.365
3421.4782,97.363
3419.43796,97.379
3417.39772,97.407
3415.35749,97.428
3413.31725,97.435
3411.27701,97.435
3409.23677,97.431
3407.19654,97.422
3405.1563,97.409
3403.11606,97.408
3401.07582,97.420
3399.03559,97.422
3396.99535,97.414
3394.95511,97.396
3392.91487,97.391
3390.87464,97.405
3388.8344,97.409
3386.79416,97.394
3384.75392,97.387
3382.71369,97.390
3380.67345,97.388
3378.63321,97.372
3376.59297,97.345
3374.55274,97.339
3372.5125,97.350
3370.47226,97.351
3368.43202,97.352
3366.39179,97.379
3364.35155,97.415
3362.31131,97.432
3360.27107,97.425
3358.23084,97.405
3356.1906,97.391
3354.15036,97.390
3352.11012,97.398
3350.06989,97.392
3348.02965,97.370
3345.98941,97.366
3343.94917,97.372
3341.90894,97.365
3339.8687,97.364
3337.82846,97.374
3335.78822,97.381
3333.74799,97.394
3331.70775,97.406
3329.66751,97.406
3327.62727,97.409
3325.58704,97.437
3323.5468,97.457
3321.50656,97.442
3319.46633,97.418
3317.42609,97.417
3315.38585,97.421
3313.34561,97.408
3311.30538,97.381
3309.26514,97.362
3307.2249,97.370
3305.18466,97.389
3303.14443,97.401
3301.10419,97.420
3299.06395,97.436
3297.02371,97.434
3294.98348,97.428
3292.94324,97.435
3290.903,97.452
3288.86276,97.457
3286.82253,97.440
3284.78229,97.411
3282.74205,97.390
3280.70181,97.386
3278.66158,97.389
3276.62134,97.401
3274.5811,97.428
3272.54086,97.439
3270.50063,97.428
3268.46039,97.432
3266.42015,97.447
3264.37991,97.444
3262.33968,97.430
3260.29944,97.433
3258.2592,97.455
3256.21896,97.454
3254.17873,97.420
3252.13849,97.398
3250.09825,97.415
3248.05801,97.443
3246.01778,97.464
3243.97754,97.475
3241.9373,97.471
3239.89706,97.449
3237.85683,97.426
3235.81659,97.412
3233.77635,97.404
3231.73611,97.405
3229.69588,97.418
3227.65564,97.432
3225.6154,97.431
3223.57517,97.415
3221.53493,97.406
3219.49469,97.432
3217.45445,97.464
3215.41422,97.462
3213.37398,97.456
3211.33374,97.469
3209.2935,97.472
3207.25327,97.457
3205.21303,97.452
3203.17279,97.463
3201.13255,97.479
3199.09232,97.488
3197.05208,97.476
3195.01184,97.447
3192.9716,97.422
3190.93137,97.429
3188.89113,97.465
3186.85089,97.477
3184.81065,97.466
3182.77042,97.469
3180.73018,97.478
3178.68994,97.483
3176.6497,97.486
3174.60947,97.480
3172.56923,97.480
3170.52899,97.503
3168.48875,97.521
3166.44852,97.504
3164.40828,97.473
3162.36804,97.460
3160.3278,97.478
3158.28757,97.512
3156.24733,97.530
3154.20709,97.524
3152.16685,97.524
3150.12662,97.532
3148.08638,97.529
3146.04614,97.518
3144.0059,97.511
3141.96567,97.513
3139.92543,97.525
3137.88519,97.529
3135.84495,97.510
3133.80472,97.491
3131.76448,97.491
3129.72424,97.504
3127.68401,97.522
3125.64377,97.547
3123.60353,97.566
3121.56329,97.559
3119.52306,97.546
3117.48282,97.542
3115.44258,97.549
3113.40234,97.566
3111.36211,97.569
3109.32187,97.554
3107.28163,97.552
3105.24139,97.568
3103.20116,97.578
3101.16092,97.588
3099.12068,97.598
3097.08044,97.591
3095.04021,97.578
3092.99997,97.564
3090.95973,97.545
3088.91949,97.534
3086.87926,97.542
3084.83902,97.560
3082.79878,97.578
3080.75854,97.590
3078.71831,97.591
3076.67807,97.591
3074.63783,97.597
3072.59759,97.600
3070.55736,97.600
3068.51712,97.597
3066.47688,97.599
3064.43664,97.613
3062.39641,97.626
3060.35617,97.628
3058.31593,97.631
3056.27569,97.644
3054.23546,97.656
3052.19522,97.656
3050.15498,97.653
3048.11474,97.665
3046.07451,97.685
3044.03427,97.691
3041.99403,97.677
3039.95379,97.658
3037.91356,97.652
3035.87332,97.663
3033.83308,97.693
3031.79285,97.718
3029.75261,97.715
3027.71237,97.700
3025.67213,97.699
3023.6319,97.721
3021.59166,97.744
3019.55142,97.739
3017.51118,97.725
3015.47095,97.729
3013.43071,97.745
3011.39047,97.775
3009.35023,97.798
3007.31,97.801
3005.26976,97.807
3003.22952,97.813
3001.18928,97.812
2999.14905,97.819
2997.10881,97.815
2995.06857,97.797
2993.02833,97.788
2990.9881,97.785
2988.94786,97.771
2986.90762,97.753
2984.86738,97.732
2982.82715,97.691
2980.78691,97.636
2978.74667,97.571
2976.70643,97.466
2974.6662,97.308
2972.62596,97.103
2970.58572,96.839
2968.54548,96.493
2966.50525,96.060
2964.46501,95.566
2962.42477,95.087
2960.38453,94.704
2958.3443,94.434
2956.30406,94.221
2954.26382,93.981
2952.22358,93.677
2950.18335,93.403
2948.14311,93.358
2946.10287,93.643
2944.06264,94.128
2942.0224,94.610
2939.98216,94.946
2937.94192,95.066
2935.90169,94.994
2933.86145,94.769
2931.82121,94.390
2929.78097,93.890
2927.74074,93.325
2925.7005,92.728
2923.66026,92.138
2921.62002,91.577
2919.57979,91.064
2917.53955,90.697
2915.49931,90.602
2913.45907,90.773
2911.41884,91.086
2909.3786,91.424
2907.33836,91.731
2905.29812,92.008
2903.25789,92.278
2901.21765,92.563
2899.17741,92.854
2897.13717,93.125
2895.09694,93.365
2893.0567,93.590
2891.01646,93.797
2888.97622,93.941
2886.93599,94.012
2884.89575,94.044
2882.85551,94.045
2880.81527,93.993
2878.77504,93.903
2876.7348,93.840
2874.69456,93.848
2872.65432,93.879
2870.61409,93.847
2868.57385,93.750
2866.53361,93.692
2864.49337,93.763
2862.45314,93.978
2860.4129,94.265
2858.37266,94.476
2856.33242,94.506
2854.29219,94.377
2852.25195,94.179
2850.21171,94.010
2848.17148,93.946
2846.13124,93.950
2844.091,93.904
2842.05076,93.775
2840.01053,93.602
2837.97029,93.474
2835.93005,93.515
2833.88981,93.787
2831.84958,94.208
2829.80934,94.629
2827.7691,94.969
2825.72886,95.238
2823.68863,95.450
2821.64839,95.602
2819.60815,95.697
2817.56791,95.757
2815.52768,95.826
2813.48744,95.919
2811.4472,95.996
2809.40696,96.040
2807.36673,96.070
2805.32649,96.101
2803.28625,96.142
2801.24601,96.196
2799.20578,96.246
2797.16554,96.280
2795.1253,96.311
2793.08506,96.340
2791.04483,96.360
2789.00459,96.385
2786.96435,96.418
2784.92411,96.447
2782.88388,96.478
2780.84364,96.516
2778.8034,96.549
2776.76316,96.573
2774.72293,96.581
2772.68269,96.574
2770.64245,96.562
2768.60221,96.563
2766.56198,96.578
2764.52174,96.587
2762.4815,96.592
2760.44126,96.612
2758.40103,96.641
2756.36079,96.660
2754.32055,96.671
2752.28032,96.686
2750.24008,96.710
2748.19984,96.736
2746.1596,96.747
2744.11937,96.743
2742.07913,96.736
2740.03889,96.727
2737.99865,96.707
2735.95842,96.681
2733.91818,96.660
2731.87794,96.659
2729.8377,96.675
2727.79747,96.679
2725.75723,96.664
2723.71699,96.644
2721.67675,96.641
2719.63652,96.666
2717.59628,96.693
2715.55604,96.697
2713.5158,96.687
2711.47557,96.695
2709.43533,96.715
2707.39509,96.732
2705.35485,96.745
2703.31462,96.755
2701.27438,96.763
2699.23414,96.767
2697.1939,96.769
2695.15367,96.783
2693.11343,96.795
2691.07319,96.796
2689.03295,96.794
2686.99272,96.788
2684.95248,96.788
2682.91224,96.796
2680.872,96.802
2678.83177,96.800
2676.79153,96.789
2674.75129,96.790
2672.71105,96.802
2670.67082,96.810
2668.63058,96.823
2666.59034,96.829
2664.5501,96.816
2662.50987,96.809
2660.46963,96.817
2658.42939,96.827
2656.38916,96.831
2654.34892,96.837
2652.30868,96.850
2650.26844,96.861
2648.22821,96.853
2646.18797,96.842
2644.14773,96.840
2642.10749,96.848
2640.06726,96.859
2638.02702,96.859
2635.98678,96.855
2633.94654,96.857
2631.90631,96.863
2629.86607,96.873
2627.82583,96.882
2625.78559,96.876
2623.74536,96.856
2621.70512,96.846
2619.66488,96.855
2617.62464,96.861
2615.58441,96.865
2613.54417,96.875
2611.50393,96.877
2609.46369,96.875
2607.42346,96.880
2605.38322,96.893
2603.34298,96.893
2601.30274,96.876
2599.26251,96.862
2597.22227,96.859
2595.18203,96.871
2593.14179,96.899
2591.10156,96.921
2589.06132,96.914
2587.02108,96.896
2584.98084,96.894
2582.94061,96.902
2580.90037,96.900
2578.86013,96.883
2576.81989,96.871
2574.77966,96.878
2572.73942,96.897
2570.69918,96.907
2568.65894,96.910
2566.61871,96.921
2564.57847,96.937
2562.53823,96.941
2560.498,96.929
2558.45776,96.920
2556.41752,96.923
2554.37728,96.927
2552.33705,96.926
2550.29681,96.914
2548.25657,96.910
2546.21633,96.922
2544.1761,96.929
2542.13586,96.928
2540.09562,96.927
2538.05538,96.934
2536.01515,96.950
2533.97491,96.955
2531.93467,96.944
2529.89443,96.945
2527.8542,96.958
2525.81396,96.948
2523.77372,96.929
2521.73348,96.928
2519.69325,96.935
2517.65301,96.946
2515.61277,96.966
2513.57253,96.971
2511.5323,96.956
2509.49206,96.949
2507.45182,96.957
2505.41158,96.972
2503.37135,96.987
2501.33111,96.987
2499.29087,96.982
2497.25063,96.977
2495.2104,96.961
2493.17016,96.946
2491.12992,96.951
2489.08968,96.954
2487.04945,96.936
2485.00921,96.931
2482.96897,96.948
2480.92873,96.955
2478.8885,96.948
2476.84826,96.951
2474.80802,96.974
2472.76778,96.992
2470.72755,96.996
2468.68731,96.994
2466.64707,96.982
2464.60684,96.966
2462.5666,96.964
2460.52636,96.976
2458.48612,96.980
2456.44589,96.979
2454.40565,96.984
2452.36541,96.984
2450.32517,96.972
2448.28494,96.958
2446.2447,96.957
2444.20446,96.962
2442.16422,96.961
2440.12399,96.959
2438.08375,96.960
2436.04351,96.965
2434.00327,96.971
2431.96304,96.974
2429.9228,96.979
2427.88256,96.985
2425.84232,96.980
2423.80209,96.958
2421.76185,96.943
2419.72161,96.950
2417.68137,96.957
2415.64114,96.949
2413.6009,96.937
2411.56066,96.932
2409.52042,96.932
2407.48019,96.937
2405.43995,96.946
2403.39971,96.958
2401.35947,96.962
2399.31924,96.950
2397.279,96.941
2395.23876,96.943
2393.19852,96.950
2391.15829,96.960
2389.11805,96.972
2387.07781,96.976
2385.03757,96.966
2382.99734,96.952
2380.9571,96.945
2378.91686,96.944
2376.87662,96.944
2374.83639,96.952
2372.79615,96.965
2370.75591,96.982
2368.71568,96.997
2366.67544,97.010
2364.6352,97.028
2362.59496,97.040
2360.55473,97.025
2358.51449,96.998
2356.47425,96.972
2354.43401,96.937
2352.39378,96.914
2350.35354,96.934
2348.3133,96.989
2346.27306,97.046
2344.23283,97.074
2342.19259,97.062
2340.15235,97.033
2338.11211,97.017
2336.07188,97.022
2334.03164,97.030
2331.9914,97.020
2329.95116,96.986
2327.91093,96.947
2325.87069,96.916
2323.83045,96.889
2321.79021,96.871
2319.74998,96.867
2317.70974,96.881
2315.6695,96.912
2313.62926,96.943
2311.58903,96.955
2309.54879,96.944
2307.50855,96.925
2305.46831,96.910
2303.42808,96.900
2301.38784,96.897
2299.3476,96.907
2297.30736,96.931
2295.26713,96.949
2293.22689,96.948
2291.18665,96.938
2289.14641,96.930
2287.10618,96.926
2285.06594,96.934
2283.0257,96.946
2280.98546,96.946
2278.94523,96.939
2276.90499,96.925
2274.86475,96.913
2272.82452,96.918
2270.78428,96.939
2268.74404,96.962
2266.7038,96.973
2264.66357,96.971
2262.62333,96.970
2260.58309,96.968
2258.54285,96.961
2256.50262,96.958
2254.46238,96.966
2252.42214,96.979
2250.3819,96.982
2248.34167,96.964
2246.30143,96.943
2244.26119,96.944
2242.22095,96.950
2240.18072,96.945
2238.14048,96.941
2236.10024,96.937
2234.06,96.933
2232.01977,96.944
2229.97953,96.955
2227.93929,96.945
2225.89905,96.935
2223.85882,96.938
2221.81858,96.950
2219.77834,96.962
2217.7381,96.967
2215.69787,96.963
2213.65763,96.958
2211.61739,96.957
2209.57715,96.948
2207.53692,96.932
2205.49668,96.930
2203.45644,96.939
2201.4162,96.941
2199.37597,96.933
2197.33573,96.928
2195.29549,96.931
2193.25525,96.934
2191.21502,96.941
2189.17478,96.948
2187.13454,96.942
2185.0943,96.930
2183.05407,96.920
2181.01383,96.928
2178.97359,96.949
2176.93336,96.961
2174.89312,96.962
2172.85288,96.952
2170.81264,96.941
2168.77241,96.936
2166.73217,96.935
2164.69193,96.930
2162.65169,96.921
2160.61146,96.918
2158.57122,96.923
2156.53098,96.927
2154.49074,96.929
2152.45051,96.931
2150.41027,96.927
2148.37003,96.924
2146.32979,96.924
2144.28956,96.922
2142.24932,96.923
2140.20908,96.929
2138.16884,96.935
2136.12861,96.938
2134.08837,96.936
2132.04813,96.940
2130.00789,96.953
2127.96766,96.949
2125.92742,96.928
2123.88718,96.917
2121.84694,96.928
2119.80671,96.943
2117.76647,96.946
2115.72623,96.938
2113.68599,96.926
2111.64576,96.906
2109.60552,96.892
2107.56528,96.900
2105.52504,96.918
2103.48481,96.929
2101.44457,96.935
2099.40433,96.935
2097.36409,96.928
2095.32386,96.927
2093.28362,96.939
2091.24338,96.940
2089.20315,96.929
2087.16291,96.918
2085.12267,96.910
2083.08243,96.904
2081.0422,96.902
2079.00196,96.904
2076.96172,96.905
2074.92148,96.898
2072.88125,96.875
2070.84101,96.854
2068.80077,96.869
2066.76053,96.905
2064.7203,96.918
2062.68006,96.907
2060.63982,96.913
2058.59958,96.929
2056.55935,96.921
2054.51911,96.909
2052.47887,96.916
2050.43863,96.919
2048.3984,96.923
2046.35816,96.936
2044.31792,96.938
2042.27768,96.936
2040.23745,96.942
2038.19721,96.940
2036.15697,96.925
2034.11673,96.915
2032.0765,96.924
2030.03626,96.932
2027.99602,96.920
2025.95578,96.895
2023.91555,96.878
2021.87531,96.882
2019.83507,96.895
2017.79483,96.900
2015.7546,96.900
2013.71436,96.899
2011.67412,96.896
2009.63388,96.890
2007.59365,96.890
2005.55341,96.893
2003.51317,96.896
2001.47293,96.897
1999.4327,96.897
1997.39246,96.892
1995.35222,96.895
1993.31199,96.910
1991.27175,96.923
1989.23151,96.926
1987.19127,96.924
1985.15104,96.920
1983.1108,96.917
1981.07056,96.912
1979.03032,96.904
1976.99009,96.896
1974.94985,96.896
1972.90961,96.900
1970.86937,96.901
1968.82914,96.896
1966.7889,96.892
1964.74866,96.893
1962.70842,96.901
1960.66819,96.918
1958.62795,96.933
1956.58771,96.930
1954.54747,96.914
1952.50724,96.899
1950.467,96.892
1948.42676,96.899
1946.38652,96.908
1944.34629,96.896
1942.30605,96.866
1940.26581,96.851
1938.22557,96.854
1936.18534,96.860
1934.1451,96.874
1932.10486,96.891
1930.06462,96.895
1928.02439,96.895
1925.98415,96.899
1923.94391,96.891
1921.90367,96.870
1919.86344,96.859
1917.8232,96.856
1915.78296,96.853
1913.74272,96.848
1911.70249,96.846
1909.66225,96.853
1907.62201,96.859
1905.58177,96.855
1903.54154,96.848
1901.5013,96.849
1899.46106,96.849
1897.42083,96.841
1895.38059,96.840
1893.34035,96.856
1891.30011,96.877
1889.25988,96.884
1887.21964,96.880
1885.1794,96.877
1883.13916,96.880
1881.09893,96.879
1879.05869,96.873
1877.01845,96.871
1874.97821,96.868
1872.93798,96.860
1870.89774,96.861
1868.8575,96.863
1866.81726,96.851
1864.77703,96.843
1862.73679,96.853
1860.69655,96.861
1858.65631,96.855
1856.61608,96.848
1854.57584,96.854
1852.5356,96.865
1850.49536,96.873
1848.45513,96.875
1846.41489,96.862
1844.37465,96.846
1842.33441,96.854
1840.29418,96.873
1838.25394,96.875
1836.2137,96.861
1834.17346,96.856
1832.13323,96.863
1830.09299,96.868
1828.05275,96.869
1826.01251,96.870
1823.97228,96.868
1821.93204,96.870
1819.8918,96.872
1817.85156,96.874
1815.81133,96.879
1813.77109,96.881
1811.73085,96.878
1809.69061,96.873
1807.65038,96.866
1805.61014,96.858
1803.5699,96.855
1801.52967,96.859
1799.48943,96.865
1797.44919,96.865
1795.40895,96.869
1793.36872,96.872
1791.32848,96.861
1789.28824,96.849
1787.248,96.847
1785.20777,96.847
1783.16753,96.849
1781.12729,96.849
1779.08705,96.852
1777.04682,96.877
1775.00658,96.912
1772.96634,96.906
1770.9261,96.850
1768.88587,96.811
1766.84563,96.809
1764.80539,96.821
1762.76515,96.828
1760.72492,96.813
1758.68468,96.785
1756.64444,96.770
1754.6042,96.777
1752.56397,96.789
1750.52373,96.781
1748.48349,96.752
1746.44325,96.729
1744.40302,96.728
1742.36278,96.731
1740.32254,96.718
1738.2823,96.682
1736.24207,96.622
1734.20183,96.536
1732.16159,96.468
1730.12135,96.448
1728.08112,96.436
1726.04088,96.413
1724.00064,96.386
1721.9604,96.374
1719.92017,96.385
1717.87993,96.391
1715.83969,96.367
1713.79945,96.349
1711.75922,96.366
1709.71898,96.418
1707.67874,96.484
1705.63851,96.529
1703.59827,96.550
1701.55803,96.561
1699.51779,96.559
1697.47756,96.555
1695.43732,96.557
1693.39708,96.567
1691.35684,96.582
1689.31661,96.610
1687.27637,96.661
1685.23613,96.705
1683.19589,96.692
1681.15566,96.660
1679.11542,96.653
1677.07518,96.651
1675.03494,96.642
1672.99471,96.654
1670.95447,96.680
1668.91423,96.680
1666.87399,96.662
1664.83376,96.658
1662.79352,96.651
1660.75328,96.631
1658.71304,96.626
1656.67281,96.655
1654.63257,96.691
1652.59233,96.698
1650.55209,96.709
1648.51186,96.725
1646.47162,96.699
1644.43138,96.652
1642.39114,96.635
1640.35091,96.651
1638.31067,96.676
1636.27043,96.667
1634.23019,96.628
1632.18996,96.620
1630.14972,96.643
1628.10948,96.663
1626.06924,96.677
1624.02901,96.689
1621.98877,96.687
1619.94853,96.691
1617.90829,96.705
1615.86806,96.697
1613.82782,96.672
1611.78758,96.657
1609.74735,96.650
1607.70711,96.640
1605.66687,96.631
1603.62663,96.624
1601.5864,96.616
1599.54616,96.614
1597.50592,96.627
1595.46568,96.647
1593.42545,96.662
1591.38521,96.668
1589.34497,96.667
1587.30473,96.665
1585.2645,96.661
1583.22426,96.654
1581.18402,96.650
1579.14378,96.649
1577.10355,96.641
1575.06331,96.638
1573.02307,96.662
1570.98283,96.689
1568.9426,96.686
1566.90236,96.683
1564.86212,96.704
1562.82188,96.738
1560.78165,96.760
1558.74141,96.726
1556.70117,96.665
1554.66093,96.650
1552.6207,96.662
1550.58046,96.674
1548.54022,96.681
1546.49998,96.683
1544.45975,96.669
1542.41951,96.664
1540.37927,96.683
1538.33903,96.694
1536.2988,96.692
1534.25856,96.677
1532.21832,96.659
1530.17808,96.670
1528.13785,96.688
1526.09761,96.682
1524.05737,96.685
1522.01713,96.720
1519.9769,96.749
1517.93666,96.739
1515.89642,96.689
1513.85619,96.634
1511.81595,96.599
1509.77571,96.576
1507.73547,96.548
1505.69524,96.532
1503.655,96.545
1501.61476,96.578
1499.57452,96.608
1497.53429,96.610
1495.49405,96.597
1493.45381,96.594
1491.41357,96.582
1489.37334,96.552
1487.3331,96.533
1485.29286,96.524
1483.25262,96.513
1481.21239,96.496
1479.17215,96.460
1477.13191,96.390
1475.09167,96.242
1473.05144,95.950
1471.0112,95.558
1468.97096,95.186
1466.93072,94.771
1464.89049,94.228
1462.85025,93.720
1460.81001,93.426
1458.76977,93.229
1456.72954,92.984
1454.6893,92.821
1452.64906,92.831
1450.60882,92.964
1448.56859,93.207
1446.52835,93.560
1444.48811,93.943
1442.44787,94.261
1440.40764,94.467
1438.3674,94.568
1436.32716,94.632
1434.28692,94.743
1432.24669,94.918
1430.20645,95.110
1428.16621,95.271
1426.12597,95.382
1424.08574,95.460
1422.0455,95.520
1420.00526,95.552
1417.96503,95.561
1415.92479,95.590
1413.88455,95.640
1411.84431,95.684
1409.80408,95.727
1407.76384,95.787
1405.7236,95.855
1403.68336,95.900
1401.64313,95.925
1399.60289,95.948
1397.56265,95.964
1395.52241,95.990
1393.48218,96.051
1391.44194,96.123
1389.4017,96.164
1387.36146,96.139
1385.32123,95.994
1383.28099,95.592
1381.24075,94.734
1379.20051,93.417
1377.16028,92.115
1375.12004,91.541
1373.0798,91.980
1371.03956,92.954
1368.99933,93.848
1366.95909,94.417
1364.91885,94.690
1362.87861,94.769
1360.83838,94.746
1358.79814,94.727
1356.7579,94.790
1354.71766,94.937
1352.67743,95.111
1350.63719,95.270
1348.59695,95.397
1346.55671,95.477
1344.51648,95.518
1342.47624,95.537
1340.436,95.550
1338.39576,95.582
1336.35553,95.637
1334.31529,95.689
1332.27505,95.726
1330.23481,95.745
1328.19458,95.753
1326.15434,95.769
1324.1141,95.797
1322.07387,95.825
1320.03363,95.850
1317.99339,95.870
1315.95315,95.880
1313.91292,95.879
1311.87268,95.870
1309.83244,95.862
1307.7922,95.845
1305.75197,95.810
1303.71173,95.777
1301.67149,95.760
1299.63125,95.745
1297.59102,95.721
1295.55078,95.705
1293.51054,95.705
1291.4703,95.705
1289.43007,95.701
1287.38983,95.704
1285.34959,95.721
1283.30935,95.726
1281.26912,95.707
1279.22888,95.689
1277.18864,95.680
1275.1484,95.673
1273.10817,95.655
1271.06793,95.621
1269.02769,95.584
1266.98745,95.556
1264.94722,95.533
1262.90698,95.504
1260.86674,95.460
1258.8265,95.404
1256.78627,95.356
1254.74603,95.330
1252.70579,95.331
1250.66555,95.338
1248.62532,95.331
1246.58508,95.329
1244.54484,95.345
1242.5046,95.370
1240.46437,95.393
1238.42413,95.414
1236.38389,95.440
1234.34366,95.481
1232.30342,95.524
1230.26318,95.553
1228.22294,95.571
1226.18271,95.591
1224.14247,95.619
1222.10223,95.642
1220.06199,95.642
1218.02176,95.641
1215.98152,95.676
1213.94128,95.722
1211.90104,95.753
1209.86081,95.779
1207.82057,95.804
1205.78033,95.825
1203.74009,95.837
1201.69986,95.840
1199.65962,95.846
1197.61938,95.860
1195.57914,95.878
1193.53891,95.897
1191.49867,95.901
1189.45843,95.895
1187.41819,95.894
1185.37796,95.898
1183.33772,95.897
1181.29748,95.884
1179.25724,95.878
1177.21701,95.860
1175.17677,95.785
1173.13653,95.662
1171.09629,95.516
1169.05606,95.366
1167.01582,95.272
1164.97558,95.281
1162.93534,95.341
1160.89511,95.383
1158.85487,95.409
1156.81463,95.436
1154.77439,95.454
1152.73416,95.475
1150.69392,95.504
1148.65368,95.538
1146.61344,95.577
1144.57321,95.614
1142.53297,95.645
1140.49273,95.685
1138.4525,95.725
1136.41226,95.731
1134.37202,95.697
1132.33178,95.663
1130.29155,95.650
1128.25131,95.630
1126.21107,95.597
1124.17083,95.563
1122.1306,95.530
1120.09036,95.511
1118.05012,95.505
1116.00988,95.515
1113.96965,95.546
1111.92941,95.552
1109.88917,95.505
1107.84893,95.430
1105.8087,95.336
1103.76846,95.254
1101.72822,95.204
1099.68798,95.183
1097.64775,95.202
1095.60751,95.227
1093.56727,95.232
1091.52703,95.247
1089.4868,95.285
1087.44656,95.322
1085.40632,95.346
1083.36608,95.366
1081.32585,95.381
1079.28561,95.388
1077.24537,95.395
1075.20513,95.420
1073.1649,95.469
1071.12466,95.519
1069.08442,95.538
1067.04418,95.537
1065.00395,95.547
1062.96371,95.561
1060.92347,95.556
1058.88323,95.531
1056.843,95.492
1054.80276,95.441
1052.76252,95.373
1050.72228,95.282
1048.68205,95.184
1046.64181,95.093
1044.60157,95.023
1042.56134,95.004
1040.5211,95.006
1038.48086,94.987
1036.44062,94.961
1034.40039,94.949
1032.36015,94.957
1030.31991,94.974
1028.27967,94.968
1026.23944,94.892
1024.1992,94.743
1022.15896,94.570
1020.11872,94.410
1018.07849,94.297
1016.03825,94.271
1013.99801,94.334
1011.95777,94.449
1009.91754,94.570
1007.8773,94.679
1005.83706,94.759
1003.79682,94.767
1001.75659,94.676
999.71635,94.515
997.67611,94.393
995.63587,94.441
993.59564,94.641
991.5554,94.853
989.51516,95.005
987.47492,95.113
985.43469,95.192
983.39445,95.239
981.35421,95.229
979.31397,95.129
977.27374,94.918
975.2335,94.620
973.19326,94.380
971.15302,94.385
969.11279,94.611
967.07255,94.851
965.03231,95.006
962.99207,95.111
960.95184,95.205
958.9116,95.283
956.87136,95.337
954.83112,95.375
952.79089,95.393
950.75065,95.430
948.71041,95.500
946.67018,95.547
944.62994,95.546
942.5897,95.540
940.54946,95.537
938.50923,95.511
936.46899,95.481
934.42875,95.485
932.38851,95.527
930.34828,95.581
928.30804,95.612
926.2678,95.626
924.22756,95.640
922.18733,95.632
920.14709,95.586
918.10685,95.560
916.06661,95.604
914.02638,95.661
911.98614,95.684
909.9459,95.692
907.90566,95.681
905.86543,95.623
903.82519,95.518
901.78495,95.371
899.74471,95.241
897.70448,95.239
895.66424,95.367
893.624,95.497
891.58376,95.539
889.54353,95.539
887.50329,95.548
885.46305,95.528
883.42281,95.478
881.38258,95.435
879.34234,95.390
877.3021,95.302
875.26186,95.208
873.22163,95.193
871.18139,95.247
869.14115,95.299
867.10091,95.333
865.06068,95.372
863.02044,95.423
860.9802,95.468
858.93996,95.476
856.89973,95.450
854.85949,95.415
852.81925,95.391
850.77902,95.383
848.73878,95.401
846.69854,95.386
844.6583,95.207
842.61807,94.880
840.57783,94.670
838.53759,94.775
836.49735,95.037
834.45712,95.229
832.41688,95.307
830.37664,95.321
828.3364,95.338
826.29617,95.337
824.25593,95.297
822.21569,95.284
820.17545,95.290
818.13522,95.284
816.09498,95.296
814.05474,95.280
812.0145,95.154
809.97427,94.903
807.93403,94.693
805.89379,94.728
803.85355,94.906
801.81332,95.020
799.77308,95.064
797.73284,95.128
795.6926,95.209
793.65237,95.242
791.61213,95.229
789.57189,95.221
787.53165,95.230
785.49142,95.249
783.45118,95.262
781.41094,95.255
779.3707,95.263
777.33047,95.289
775.29023,95.309
773.24999,95.337
771.20975,95.372
769.16952,95.384
767.12928,95.366
765.08904,95.349
763.0488,95.357
761.00857,95.378
758.96833,95.385
756.92809,95.392
754.88786,95.419
752.84762,95.459
750.80738,95.459
748.76714,95.395
746.72691,95.311
744.68667,95.231
742.64643,95.176
740.60619,95.179
738.56596,95.200
736.52572,95.158
734.48548,95.016
732.44524,94.793
730.40501,94.585
728.36477,94.473
726.32453,94.420
724.28429,94.391
722.24406,94.396
720.20382,94.435
718.16358,94.506
716.12334,94.586
714.08311,94.657
712.04287,94.734
710.00263,94.797
707.96239,94.793
705.92216,94.759
703.88192,94.803
701.84168,94.905
699.80144,94.939
697.76121,94.883
695.72097,94.815
693.68073,94.786
691.64049,94.819
689.60026,94.885
687.56002,94.920
685.51978,94.910
683.47954,94.884
681.43931,94.834
679.39907,94.732
677.35883,94.626
675.31859,94.571
673.27836,94.511
671.23812,94.407
669.19788,94.365
667.15764,94.427
665.11741,94.478
663.07717,94.461
661.03693,94.419
658.9967,94.455
656.95646,94.582
654.91622,94.686
652.87598,94.696
650.83575,94.660
648.79551,94.626
646.75527,94.584
644.71503,94.538
642.6748,94.503
640.63456,94.481
638.59432,94.471
636.55408,94.526
634.51385,94.665
632.47361,94.710
630.43337,94.508
628.39313,94.198
626.3529,93.990
624.31266,93.888
622.27242,93.968
620.23218,94.302
618.19195,94.547
616.15171,94.376
614.11147,94.106
612.07123,94.030
610.031,94.060
607.99076,94.042
605.95052,93.943
603.91028,93.944
601.87005,94.106
599.82981,94.138